,,Contestants,Total score,Romania,Ireland,Germany,Serbia,Albania,Turkey,Croatia,Poland,Bosnia and Herzegovina,Finland,Slovenia,Estonia,Russia,Portugal,Azerbaijan,Greece,Iceland,Denmark,France,Spain,Slovakia,Bulgaria,Ukraine,Latvia,Malta,Norway,Cyprus,Lithuania,Belarus,Switzerland,Belgium,United Kingdom,Netherlands,Israel,Macedonia,Moldova,Georgia,Sweden,Armenia,Italy,Austria,San Marino,Hungary,Montenegro,Australia,Czech Republic,Jury score,Televoting score,North Macedonia
euro_2010,0,Azerbaijan,145.0,0.0,3.0,0.0,0.0,0.0,12.0,0.0,8.0,7.0,0.0,0.0,0.0,8.0,0.0,0.0,1.0,4.0,2.0,0.0,7.0,0.0,12.0,12.0,2.0,12.0,7.0,10.0,0.0,6.0,2.0,5.0,0.0,0.0,7.0,3.0,7.0,8.0,0.0,0.0,0.0,0.0,0.0,0.0,0.0,0.0,0.0,0.0,0.0,0.0
euro_2010,1,Spain,68.0,2.0,0.0,0.0,0.0,7.0,0.0,0.0,0.0,0.0,4.0,5.0,0.0,4.0,12.0,0.0,0.0,0.0,0.0,0.0,0.0,0.0,2.0,4.0,5.0,0.0,0.0,0.0,8.0,0.0,0.0,1.0,0.0,0.0,1.0,0.0,4.0,2.0,0.0,7.0,0.0,0.0,0.0,0.0,0.0,0.0,0.0,0.0,0.0,0.0
euro_2010,2,Norway,35.0,0.0,2.0,0.0,0.0,0.0,0.0,0.0,0.0,0.0,0.0,0.0,7.0,0.0,3.0,0.0,0.0,0.0,5.0,0.0,0.0,3.0,0.0,0.0,0.0,3.0,0.0,0.0,0.0,0.0,0.0,0.0,0.0,0.0,0.0,0.0,0.0,6.0,4.0,2.0,0.0,0.0,0.0,0.0,0.0,0.0,0.0,0.0,0.0,0.0
euro_2010,3,Moldova,27.0,10.0,0.0,0.0,0.0,0.0,0.0,0.0,0.0,0.0,0.0,0.0,0.0,0.0,6.0,6.0,0.0,0.0,0.0,0.0,0.0,0.0,0.0,0.0,0.0,0.0,0.0,0.0,0.0,4.0,0.0,0.0,0.0,0.0,0.0,0.0,0.0,1.0,0.0,0.0,0.0,0.0,0.0,0.0,0.0,0.0,0.0,0.0,0.0,0.0
euro_2010,4,Cyprus,27.0,0.0,0.0,0.0,0.0,0.0,0.0,4.0,0.0,0.0,0.0,0.0,0.0,0.0,0.0,0.0,12.0,0.0,1.0,0.0,0.0,2.0,4.0,0.0,0.0,0.0,0.0,0.0,1.0,0.0,0.0,0.0,0.0,0.0,0.0,0.0,0.0,0.0,3.0,0.0,0.0,0.0,0.0,0.0,0.0,0.0,0.0,0.0,0.0,0.0
euro_2010,5,Bosnia and Herzegovina,51.0,0.0,0.0,0.0,12.0,6.0,8.0,10.0,0.0,0.0,0.0,4.0,0.0,0.0,0.0,0.0,0.0,0.0,0.0,5.0,0.0,0.0,0.0,0.0,0.0,0.0,0.0,0.0,0.0,0.0,0.0,0.0,0.0,0.0,0.0,6.0,0.0,0.0,0.0,0.0,0.0,0.0,0.0,0.0,0.0,0.0,0.0,0.0,0.0,0.0
euro_2010,6,Belgium,143.0,4.0,10.0,12.0,5.0,0.0,0.0,0.0,10.0,0.0,6.0,0.0,3.0,5.0,5.0,0.0,6.0,10.0,10.0,7.0,0.0,10.0,0.0,1.0,4.0,10.0,3.0,0.0,7.0,0.0,7.0,0.0,0.0,6.0,0.0,0.0,0.0,0.0,2.0,0.0,0.0,0.0,0.0,0.0,0.0,0.0,0.0,0.0,0.0,0.0
euro_2010,7,Serbia,72.0,0.0,0.0,5.0,0.0,3.0,0.0,8.0,0.0,12.0,0.0,8.0,0.0,0.0,0.0,0.0,0.0,0.0,0.0,10.0,0.0,0.0,0.0,0.0,0.0,0.0,0.0,1.0,0.0,0.0,10.0,0.0,0.0,1.0,0.0,7.0,0.0,0.0,7.0,0.0,0.0,0.0,0.0,0.0,0.0,0.0,0.0,0.0,0.0,0.0
euro_2010,8,Belarus,18.0,0.0,0.0,0.0,0.0,0.0,0.0,0.0,0.0,0.0,0.0,0.0,0.0,2.0,0.0,0.0,0.0,0.0,0.0,0.0,0.0,0.0,1.0,0.0,0.0,0.0,0.0,0.0,0.0,0.0,0.0,0.0,0.0,0.0,0.0,0.0,3.0,12.0,0.0,0.0,0.0,0.0,0.0,0.0,0.0,0.0,0.0,0.0,0.0,0.0
euro_2010,9,Ireland,25.0,0.0,0.0,2.0,0.0,0.0,0.0,1.0,0.0,0.0,1.0,0.0,2.0,0.0,0.0,0.0,0.0,0.0,0.0,0.0,0.0,0.0,0.0,0.0,0.0,0.0,0.0,0.0,0.0,0.0,6.0,0.0,7.0,0.0,6.0,0.0,0.0,0.0,0.0,0.0,0.0,0.0,0.0,0.0,0.0,0.0,0.0,0.0,0.0,0.0
euro_2010,10,Greece,140.0,7.0,0.0,8.0,10.0,12.0,3.0,0.0,1.0,6.0,7.0,0.0,0.0,0.0,8.0,0.0,0.0,8.0,0.0,4.0,5.0,5.0,5.0,0.0,0.0,7.0,0.0,12.0,0.0,0.0,0.0,12.0,12.0,3.0,0.0,0.0,2.0,0.0,0.0,3.0,0.0,0.0,0.0,0.0,0.0,0.0,0.0,0.0,0.0,0.0
euro_2010,11,United Kingdom,10.0,0.0,4.0,0.0,0.0,1.0,0.0,0.0,0.0,0.0,0.0,0.0,0.0,0.0,0.0,2.0,0.0,0.0,0.0,0.0,0.0,0.0,0.0,0.0,0.0,0.0,0.0,0.0,0.0,0.0,0.0,0.0,0.0,0.0,0.0,0.0,0.0,3.0,0.0,0.0,0.0,0.0,0.0,0.0,0.0,0.0,0.0,0.0,0.0,0.0
euro_2010,12,Georgia,136.0,0.0,5.0,0.0,0.0,0.0,5.0,7.0,4.0,4.0,0.0,1.0,8.0,10.0,0.0,8.0,5.0,2.0,0.0,0.0,1.0,0.0,6.0,7.0,0.0,0.0,1.0,5.0,12.0,7.0,1.0,4.0,0.0,0.0,5.0,5.0,5.0,0.0,6.0,12.0,0.0,0.0,0.0,0.0,0.0,0.0,0.0,0.0,0.0,0.0
euro_2010,13,Turkey,170.0,8.0,1.0,10.0,3.0,8.0,0.0,12.0,0.0,10.0,3.0,2.0,6.0,0.0,0.0,12.0,0.0,0.0,6.0,12.0,3.0,0.0,10.0,8.0,0.0,0.0,2.0,0.0,4.0,3.0,3.0,6.0,10.0,8.0,0.0,10.0,0.0,5.0,5.0,0.0,0.0,0.0,0.0,0.0,0.0,0.0,0.0,0.0,0.0,0.0
euro_2010,14,Albania,62.0,1.0,0.0,1.0,0.0,0.0,7.0,5.0,2.0,5.0,0.0,0.0,0.0,0.0,0.0,0.0,10.0,7.0,0.0,0.0,0.0,0.0,0.0,0.0,0.0,0.0,0.0,0.0,0.0,0.0,8.0,3.0,1.0,0.0,0.0,12.0,0.0,0.0,0.0,0.0,0.0,0.0,0.0,0.0,0.0,0.0,0.0,0.0,0.0,0.0
euro_2010,15,Iceland,41.0,0.0,0.0,4.0,0.0,0.0,0.0,0.0,0.0,0.0,5.0,0.0,4.0,0.0,0.0,0.0,3.0,0.0,3.0,0.0,0.0,0.0,0.0,0.0,0.0,6.0,6.0,0.0,0.0,2.0,0.0,8.0,0.0,0.0,0.0,0.0,0.0,0.0,0.0,0.0,0.0,0.0,0.0,0.0,0.0,0.0,0.0,0.0,0.0,0.0
euro_2010,16,Ukraine,108.0,5.0,0.0,0.0,7.0,0.0,1.0,0.0,3.0,0.0,0.0,0.0,0.0,7.0,0.0,10.0,0.0,0.0,0.0,2.0,0.0,0.0,7.0,0.0,7.0,0.0,0.0,6.0,6.0,10.0,0.0,0.0,5.0,7.0,2.0,0.0,8.0,7.0,0.0,8.0,0.0,0.0,0.0,0.0,0.0,0.0,0.0,0.0,0.0,0.0
euro_2010,17,France,82.0,0.0,6.0,3.0,4.0,0.0,0.0,3.0,0.0,3.0,8.0,3.0,1.0,0.0,7.0,0.0,8.0,6.0,7.0,0.0,2.0,0.0,0.0,0.0,0.0,2.0,4.0,3.0,0.0,0.0,0.0,0.0,2.0,0.0,3.0,1.0,0.0,0.0,0.0,6.0,0.0,0.0,0.0,0.0,0.0,0.0,0.0,0.0,0.0,0.0
euro_2010,18,Romania,162.0,0.0,7.0,0.0,6.0,5.0,2.0,0.0,6.0,2.0,0.0,7.0,0.0,3.0,10.0,7.0,4.0,5.0,8.0,0.0,10.0,1.0,0.0,2.0,3.0,5.0,10.0,8.0,2.0,1.0,4.0,0.0,8.0,5.0,8.0,0.0,12.0,0.0,10.0,1.0,0.0,0.0,0.0,0.0,0.0,0.0,0.0,0.0,0.0,0.0
euro_2010,19,Russia,90.0,0.0,0.0,0.0,0.0,0.0,4.0,0.0,0.0,0.0,0.0,0.0,10.0,0.0,2.0,3.0,0.0,0.0,0.0,0.0,0.0,6.0,0.0,10.0,8.0,0.0,0.0,0.0,5.0,12.0,0.0,0.0,0.0,0.0,10.0,0.0,10.0,0.0,0.0,10.0,0.0,0.0,0.0,0.0,0.0,0.0,0.0,0.0,0.0,0.0
euro_2010,20,Armenia,141.0,6.0,0.0,7.0,1.0,0.0,6.0,0.0,5.0,0.0,0.0,0.0,0.0,12.0,0.0,0.0,7.0,0.0,0.0,6.0,8.0,4.0,8.0,6.0,1.0,0.0,0.0,7.0,0.0,5.0,0.0,7.0,0.0,12.0,12.0,4.0,6.0,10.0,1.0,0.0,0.0,0.0,0.0,0.0,0.0,0.0,0.0,0.0,0.0,0.0
euro_2010,21,Germany,246.0,3.0,8.0,0.0,8.0,10.0,10.0,6.0,7.0,8.0,12.0,10.0,12.0,6.0,1.0,1.0,2.0,3.0,12.0,3.0,12.0,12.0,3.0,5.0,12.0,4.0,12.0,4.0,10.0,0.0,12.0,10.0,4.0,4.0,0.0,8.0,0.0,0.0,12.0,0.0,0.0,0.0,0.0,0.0,0.0,0.0,0.0,0.0,0.0,0.0
euro_2010,22,Portugal,43.0,0.0,0.0,6.0,2.0,0.0,0.0,0.0,0.0,0.0,0.0,0.0,0.0,0.0,0.0,0.0,0.0,1.0,4.0,8.0,6.0,0.0,0.0,0.0,6.0,1.0,0.0,0.0,0.0,0.0,5.0,0.0,0.0,0.0,0.0,0.0,0.0,0.0,0.0,4.0,0.0,0.0,0.0,0.0,0.0,0.0,0.0,0.0,0.0,0.0
euro_2010,23,Israel,71.0,0.0,0.0,0.0,0.0,4.0,0.0,0.0,0.0,1.0,10.0,6.0,0.0,0.0,0.0,5.0,0.0,0.0,0.0,1.0,0.0,8.0,0.0,3.0,0.0,0.0,5.0,2.0,0.0,8.0,0.0,0.0,3.0,10.0,0.0,0.0,1.0,4.0,0.0,0.0,0.0,0.0,0.0,0.0,0.0,0.0,0.0,0.0,0.0,0.0
euro_2010,24,Denmark,149.0,12.0,12.0,0.0,0.0,2.0,0.0,2.0,12.0,0.0,2.0,12.0,5.0,1.0,4.0,4.0,0.0,12.0,0.0,0.0,4.0,7.0,0.0,0.0,10.0,8.0,8.0,0.0,3.0,0.0,0.0,2.0,6.0,2.0,4.0,2.0,0.0,0.0,8.0,5.0,0.0,0.0,0.0,0.0,0.0,0.0,0.0,0.0,0.0,0.0
euro_2011,0,Finland,57.0,0.0,3.0,2.0,0.0,0.0,0.0,0.0,5.0,0.0,0.0,0.0,7.0,0.0,0.0,0.0,0.0,10.0,5.0,0.0,0.0,0.0,0.0,0.0,0.0,0.0,12.0,0.0,1.0,0.0,5.0,0.0,0.0,0.0,0.0,0.0,0.0,0.0,7.0,0.0,0.0,0.0,0.0,0.0,0.0,0.0,0.0,0.0,0.0,0.0
euro_2011,1,Bosnia and Herzegovina,125.0,0.0,0.0,7.0,12.0,7.0,10.0,7.0,0.0,0.0,0.0,12.0,0.0,0.0,0.0,0.0,3.0,0.0,0.0,5.0,0.0,0.0,2.0,0.0,0.0,0.0,4.0,0.0,0.0,0.0,12.0,0.0,0.0,8.0,0.0,12.0,0.0,0.0,8.0,0.0,4.0,12.0,0.0,0.0,0.0,0.0,0.0,0.0,0.0,0.0
euro_2011,2,Denmark,134.0,0.0,12.0,6.0,0.0,0.0,0.0,0.0,3.0,0.0,0.0,8.0,10.0,0.0,0.0,0.0,0.0,12.0,0.0,7.0,0.0,6.0,7.0,0.0,6.0,5.0,7.0,3.0,0.0,1.0,0.0,0.0,5.0,12.0,10.0,0.0,0.0,0.0,10.0,0.0,0.0,0.0,4.0,0.0,0.0,0.0,0.0,0.0,0.0,0.0
euro_2011,3,Lithuania,63.0,1.0,10.0,0.0,7.0,0.0,0.0,2.0,12.0,0.0,0.0,0.0,0.0,2.0,0.0,0.0,0.0,0.0,0.0,0.0,1.0,0.0,0.0,0.0,7.0,0.0,3.0,0.0,0.0,0.0,0.0,0.0,6.0,0.0,0.0,0.0,0.0,12.0,0.0,0.0,0.0,0.0,0.0,0.0,0.0,0.0,0.0,0.0,0.0,0.0
euro_2011,4,Hungary,53.0,7.0,0.0,0.0,8.0,0.0,0.0,0.0,0.0,0.0,12.0,0.0,0.0,0.0,0.0,2.0,0.0,5.0,0.0,2.0,6.0,0.0,0.0,4.0,0.0,0.0,0.0,0.0,0.0,0.0,0.0,0.0,0.0,0.0,0.0,0.0,0.0,0.0,5.0,0.0,0.0,2.0,0.0,0.0,0.0,0.0,0.0,0.0,0.0,0.0
euro_2011,5,Ireland,119.0,0.0,0.0,8.0,0.0,0.0,0.0,0.0,1.0,2.0,10.0,0.0,0.0,0.0,6.0,0.0,0.0,4.0,12.0,0.0,7.0,8.0,3.0,0.0,10.0,8.0,0.0,0.0,0.0,0.0,0.0,7.0,12.0,5.0,0.0,0.0,0.0,0.0,12.0,0.0,0.0,4.0,0.0,0.0,0.0,0.0,0.0,0.0,0.0,0.0
euro_2011,6,Sweden,185.0,3.0,4.0,0.0,1.0,0.0,4.0,4.0,0.0,5.0,6.0,4.0,12.0,1.0,0.0,3.0,6.0,7.0,10.0,10.0,5.0,10.0,0.0,1.0,0.0,6.0,10.0,10.0,0.0,4.0,0.0,4.0,3.0,10.0,12.0,6.0,3.0,1.0,0.0,4.0,0.0,0.0,6.0,10.0,0.0,0.0,0.0,0.0,0.0,0.0
euro_2011,7,Estonia,44.0,0.0,7.0,0.0,0.0,0.0,0.0,0.0,0.0,0.0,7.0,0.0,0.0,0.0,0.0,0.0,0.0,0.0,2.0,0.0,0.0,0.0,0.0,2.0,4.0,0.0,2.0,0.0,7.0,0.0,0.0,2.0,0.0,0.0,5.0,0.0,6.0,0.0,0.0,0.0,0.0,0.0,0.0,0.0,0.0,0.0,0.0,0.0,0.0,0.0
euro_2011,8,Greece,120.0,8.0,0.0,10.0,3.0,10.0,0.0,0.0,0.0,0.0,0.0,0.0,0.0,8.0,0.0,8.0,0.0,0.0,0.0,0.0,0.0,0.0,10.0,6.0,0.0,0.0,0.0,12.0,0.0,0.0,2.0,8.0,0.0,0.0,0.0,3.0,1.0,6.0,0.0,7.0,2.0,0.0,8.0,8.0,0.0,0.0,0.0,0.0,0.0,0.0
euro_2011,9,Russia,77.0,0.0,0.0,5.0,4.0,4.0,0.0,0.0,0.0,0.0,0.0,0.0,5.0,0.0,0.0,4.0,1.0,1.0,0.0,0.0,0.0,0.0,4.0,8.0,0.0,0.0,0.0,2.0,6.0,5.0,0.0,0.0,0.0,0.0,8.0,0.0,5.0,4.0,0.0,8.0,0.0,0.0,0.0,3.0,0.0,0.0,0.0,0.0,0.0,0.0
euro_2011,10,France,82.0,0.0,0.0,0.0,0.0,2.0,0.0,6.0,0.0,4.0,4.0,0.0,0.0,3.0,2.0,0.0,12.0,0.0,0.0,0.0,10.0,0.0,0.0,5.0,1.0,1.0,0.0,7.0,0.0,0.0,0.0,12.0,0.0,0.0,0.0,0.0,2.0,2.0,0.0,5.0,1.0,0.0,3.0,0.0,0.0,0.0,0.0,0.0,0.0,0.0
euro_2011,11,Italy,189.0,6.0,5.0,3.0,2.0,12.0,0.0,0.0,10.0,6.0,3.0,3.0,6.0,0.0,10.0,1.0,10.0,3.0,0.0,8.0,12.0,0.0,0.0,0.0,12.0,10.0,0.0,1.0,10.0,3.0,4.0,6.0,7.0,0.0,0.0,1.0,0.0,7.0,0.0,6.0,0.0,6.0,12.0,4.0,0.0,0.0,0.0,0.0,0.0,0.0
euro_2011,12,Switzerland,19.0,0.0,0.0,0.0,5.0,0.0,0.0,0.0,0.0,0.0,0.0,0.0,0.0,0.0,0.0,0.0,0.0,0.0,0.0,0.0,0.0,4.0,0.0,0.0,0.0,0.0,0.0,0.0,0.0,0.0,0.0,0.0,10.0,0.0,0.0,0.0,0.0,0.0,0.0,0.0,0.0,0.0,0.0,0.0,0.0,0.0,0.0,0.0,0.0,0.0
euro_2011,13,United Kingdom,100.0,0.0,6.0,0.0,0.0,6.0,6.0,0.0,0.0,0.0,0.0,1.0,0.0,4.0,3.0,5.0,2.0,2.0,3.0,1.0,0.0,0.0,12.0,3.0,5.0,7.0,1.0,4.0,3.0,2.0,0.0,0.0,0.0,0.0,1.0,5.0,4.0,0.0,0.0,2.0,10.0,0.0,2.0,0.0,0.0,0.0,0.0,0.0,0.0,0.0
euro_2011,14,Moldova,97.0,12.0,8.0,4.0,0.0,0.0,0.0,0.0,0.0,0.0,0.0,0.0,0.0,7.0,5.0,7.0,0.0,0.0,0.0,4.0,0.0,5.0,0.0,7.0,0.0,0.0,0.0,0.0,4.0,7.0,0.0,1.0,8.0,0.0,0.0,0.0,0.0,5.0,0.0,0.0,8.0,5.0,0.0,0.0,0.0,0.0,0.0,0.0,0.0,0.0
euro_2011,15,Germany,107.0,0.0,0.0,0.0,0.0,0.0,3.0,1.0,4.0,3.0,0.0,7.0,0.0,0.0,0.0,0.0,4.0,6.0,8.0,3.0,3.0,0.0,0.0,0.0,8.0,0.0,5.0,0.0,2.0,8.0,8.0,5.0,0.0,7.0,0.0,0.0,0.0,0.0,6.0,0.0,6.0,10.0,0.0,0.0,0.0,0.0,0.0,0.0,0.0,0.0
euro_2011,16,Romania,77.0,0.0,1.0,0.0,0.0,0.0,5.0,0.0,0.0,0.0,0.0,0.0,1.0,0.0,0.0,6.0,0.0,0.0,4.0,0.0,8.0,0.0,6.0,0.0,0.0,0.0,0.0,0.0,0.0,0.0,0.0,10.0,0.0,4.0,6.0,0.0,12.0,0.0,0.0,0.0,12.0,1.0,0.0,1.0,0.0,0.0,0.0,0.0,0.0,0.0
euro_2011,17,Austria,64.0,0.0,0.0,12.0,0.0,0.0,1.0,3.0,0.0,7.0,1.0,5.0,0.0,0.0,0.0,0.0,0.0,0.0,1.0,0.0,0.0,3.0,5.0,0.0,0.0,2.0,0.0,0.0,0.0,0.0,7.0,0.0,2.0,1.0,0.0,2.0,0.0,3.0,4.0,3.0,0.0,0.0,0.0,2.0,0.0,0.0,0.0,0.0,0.0,0.0
euro_2011,18,Azerbaijan,221.0,10.0,0.0,0.0,0.0,8.0,12.0,10.0,8.0,8.0,5.0,0.0,8.0,12.0,8.0,0.0,5.0,8.0,0.0,6.0,0.0,7.0,0.0,10.0,2.0,12.0,0.0,8.0,8.0,6.0,1.0,3.0,0.0,6.0,4.0,0.0,10.0,8.0,3.0,0.0,0.0,8.0,10.0,7.0,0.0,0.0,0.0,0.0,0.0,0.0
euro_2011,19,Slovenia,96.0,4.0,2.0,1.0,10.0,0.0,2.0,12.0,0.0,12.0,0.0,0.0,2.0,5.0,1.0,0.0,0.0,0.0,7.0,0.0,0.0,1.0,0.0,0.0,3.0,3.0,0.0,6.0,0.0,0.0,0.0,0.0,0.0,2.0,3.0,10.0,0.0,0.0,0.0,0.0,0.0,3.0,1.0,6.0,0.0,0.0,0.0,0.0,0.0,0.0
euro_2011,20,Iceland,61.0,0.0,0.0,0.0,0.0,0.0,0.0,0.0,0.0,1.0,8.0,0.0,0.0,0.0,4.0,0.0,0.0,0.0,6.0,0.0,2.0,0.0,0.0,0.0,0.0,0.0,8.0,0.0,0.0,0.0,10.0,0.0,4.0,0.0,0.0,0.0,0.0,0.0,1.0,0.0,5.0,0.0,0.0,12.0,0.0,0.0,0.0,0.0,0.0,0.0
euro_2011,21,Spain,50.0,5.0,0.0,0.0,0.0,5.0,0.0,0.0,0.0,0.0,0.0,2.0,4.0,0.0,12.0,0.0,0.0,0.0,0.0,12.0,0.0,2.0,0.0,0.0,0.0,0.0,0.0,0.0,0.0,0.0,3.0,0.0,1.0,0.0,0.0,4.0,0.0,0.0,0.0,0.0,0.0,0.0,0.0,0.0,0.0,0.0,0.0,0.0,0.0,0.0
euro_2011,22,Ukraine,159.0,2.0,0.0,0.0,6.0,3.0,7.0,5.0,2.0,0.0,0.0,6.0,0.0,10.0,7.0,12.0,7.0,0.0,0.0,0.0,0.0,12.0,8.0,0.0,0.0,4.0,0.0,5.0,0.0,10.0,0.0,0.0,0.0,0.0,7.0,7.0,8.0,10.0,2.0,12.0,7.0,0.0,0.0,0.0,0.0,0.0,0.0,0.0,0.0,0.0
euro_2011,23,Serbia,85.0,0.0,0.0,0.0,0.0,1.0,0.0,8.0,6.0,10.0,2.0,10.0,0.0,0.0,0.0,0.0,0.0,0.0,0.0,0.0,4.0,0.0,0.0,0.0,0.0,0.0,6.0,0.0,5.0,0.0,6.0,0.0,0.0,3.0,0.0,8.0,0.0,0.0,0.0,1.0,3.0,7.0,5.0,0.0,0.0,0.0,0.0,0.0,0.0,0.0
euro_2011,24,Georgia,110.0,0.0,0.0,0.0,0.0,0.0,8.0,0.0,7.0,0.0,0.0,0.0,3.0,6.0,0.0,10.0,8.0,0.0,0.0,0.0,0.0,0.0,1.0,12.0,0.0,0.0,0.0,0.0,12.0,12.0,0.0,0.0,0.0,0.0,2.0,0.0,7.0,0.0,0.0,10.0,0.0,0.0,7.0,5.0,0.0,0.0,0.0,0.0,0.0,0.0
euro_2012,0,United Kingdom,12.0,0.0,4.0,0.0,0.0,0.0,0.0,0.0,0.0,0.0,0.0,0.0,5.0,0.0,0.0,0.0,0.0,0.0,0.0,0.0,0.0,0.0,0.0,0.0,2.0,0.0,0.0,0.0,0.0,0.0,0.0,1.0,0.0,0.0,0.0,0.0,0.0,0.0,0.0,0.0,0.0,0.0,0.0,0.0,0.0,0.0,0.0,0.0,0.0,0.0
euro_2012,1,Hungary,19.0,7.0,0.0,0.0,2.0,0.0,1.0,0.0,0.0,0.0,0.0,0.0,0.0,0.0,0.0,0.0,0.0,0.0,0.0,0.0,0.0,8.0,0.0,0.0,0.0,0.0,0.0,0.0,0.0,0.0,0.0,0.0,0.0,0.0,0.0,0.0,1.0,0.0,0.0,0.0,0.0,0.0,0.0,0.0,0.0,0.0,0.0,0.0,0.0,0.0
euro_2012,2,Albania,146.0,1.0,0.0,6.0,1.0,0.0,5.0,5.0,0.0,6.0,6.0,3.0,0.0,0.0,0.0,0.0,10.0,0.0,5.0,0.0,0.0,0.0,4.0,0.0,1.0,1.0,0.0,4.0,0.0,0.0,12.0,10.0,0.0,0.0,0.0,12.0,0.0,3.0,1.0,0.0,12.0,8.0,12.0,8.0,10.0,0.0,0.0,0.0,0.0,0.0
euro_2012,3,Lithuania,70.0,0.0,7.0,0.0,0.0,0.0,0.0,0.0,0.0,0.0,0.0,0.0,3.0,5.0,0.0,4.0,0.0,0.0,0.0,3.0,0.0,0.0,5.0,0.0,4.0,4.0,6.0,0.0,0.0,8.0,0.0,0.0,7.0,1.0,0.0,0.0,0.0,12.0,0.0,0.0,0.0,0.0,0.0,0.0,1.0,0.0,0.0,0.0,0.0,0.0
euro_2012,4,Bosnia and Herzegovina,55.0,0.0,0.0,0.0,5.0,0.0,10.0,10.0,0.0,0.0,0.0,7.0,0.0,0.0,0.0,0.0,0.0,0.0,0.0,0.0,0.0,2.0,0.0,0.0,0.0,0.0,0.0,0.0,0.0,0.0,1.0,0.0,0.0,0.0,0.0,7.0,0.0,0.0,0.0,0.0,0.0,7.0,0.0,0.0,6.0,0.0,0.0,0.0,0.0,0.0
euro_2012,5,Russia,259.0,4.0,6.0,7.0,7.0,3.0,7.0,6.0,0.0,3.0,8.0,8.0,8.0,0.0,8.0,10.0,4.0,7.0,8.0,4.0,8.0,3.0,6.0,10.0,10.0,3.0,8.0,5.0,6.0,12.0,0.0,8.0,3.0,4.0,7.0,4.0,6.0,5.0,7.0,0.0,10.0,5.0,10.0,7.0,4.0,0.0,0.0,0.0,0.0,0.0
euro_2012,6,Iceland,46.0,0.0,0.0,3.0,0.0,0.0,0.0,0.0,0.0,0.0,7.0,4.0,6.0,0.0,0.0,0.0,0.0,0.0,6.0,0.0,4.0,4.0,0.0,0.0,0.0,0.0,5.0,1.0,0.0,0.0,0.0,0.0,0.0,0.0,0.0,0.0,0.0,0.0,0.0,0.0,0.0,0.0,0.0,6.0,0.0,0.0,0.0,0.0,0.0,0.0
euro_2012,7,Cyprus,65.0,2.0,0.0,0.0,8.0,6.0,0.0,0.0,0.0,0.0,0.0,0.0,0.0,2.0,0.0,2.0,12.0,8.0,0.0,0.0,5.0,0.0,0.0,0.0,0.0,0.0,0.0,0.0,0.0,0.0,0.0,0.0,0.0,0.0,3.0,0.0,0.0,0.0,12.0,0.0,5.0,0.0,0.0,0.0,0.0,0.0,0.0,0.0,0.0,0.0
euro_2012,8,France,21.0,0.0,0.0,0.0,0.0,0.0,0.0,0.0,0.0,2.0,0.0,0.0,0.0,0.0,0.0,0.0,0.0,6.0,0.0,0.0,0.0,0.0,0.0,0.0,3.0,0.0,0.0,0.0,0.0,0.0,6.0,0.0,0.0,0.0,0.0,0.0,0.0,0.0,2.0,0.0,0.0,2.0,0.0,0.0,0.0,0.0,0.0,0.0,0.0,0.0
euro_2012,9,Italy,101.0,0.0,2.0,2.0,0.0,7.0,0.0,2.0,0.0,0.0,0.0,5.0,7.0,0.0,2.0,0.0,3.0,0.0,3.0,1.0,1.0,5.0,0.0,4.0,0.0,10.0,4.0,2.0,4.0,0.0,5.0,0.0,0.0,0.0,4.0,5.0,5.0,4.0,0.0,0.0,0.0,0.0,7.0,5.0,2.0,0.0,0.0,0.0,0.0,0.0
euro_2012,10,Estonia,120.0,0.0,8.0,4.0,0.0,0.0,0.0,0.0,0.0,0.0,10.0,0.0,0.0,6.0,7.0,0.0,0.0,10.0,0.0,10.0,6.0,10.0,0.0,1.0,8.0,0.0,7.0,0.0,8.0,4.0,0.0,0.0,4.0,7.0,0.0,0.0,2.0,0.0,8.0,0.0,0.0,0.0,0.0,0.0,0.0,0.0,0.0,0.0,0.0,0.0
euro_2012,11,Norway,7.0,0.0,0.0,0.0,0.0,0.0,0.0,0.0,0.0,0.0,0.0,0.0,0.0,0.0,0.0,0.0,0.0,1.0,0.0,0.0,0.0,0.0,0.0,0.0,0.0,0.0,0.0,0.0,0.0,0.0,0.0,0.0,0.0,3.0,0.0,0.0,0.0,0.0,3.0,0.0,0.0,0.0,0.0,0.0,0.0,0.0,0.0,0.0,0.0,0.0
euro_2012,12,Azerbaijan,150.0,0.0,1.0,0.0,3.0,4.0,12.0,0.0,0.0,7.0,0.0,0.0,0.0,10.0,0.0,0.0,5.0,0.0,0.0,0.0,0.0,6.0,10.0,12.0,0.0,12.0,0.0,8.0,12.0,7.0,0.0,0.0,2.0,0.0,8.0,2.0,10.0,10.0,0.0,0.0,0.0,0.0,4.0,0.0,5.0,0.0,0.0,0.0,0.0,0.0
euro_2012,13,Romania,71.0,0.0,5.0,0.0,0.0,0.0,4.0,0.0,0.0,0.0,0.0,0.0,0.0,1.0,4.0,6.0,7.0,0.0,1.0,2.0,10.0,0.0,0.0,0.0,0.0,0.0,0.0,3.0,0.0,0.0,0.0,3.0,0.0,0.0,6.0,0.0,12.0,0.0,0.0,0.0,7.0,0.0,0.0,0.0,0.0,0.0,0.0,0.0,0.0,0.0
euro_2012,14,Denmark,21.0,0.0,0.0,5.0,0.0,0.0,0.0,0.0,0.0,0.0,5.0,0.0,2.0,0.0,0.0,0.0,0.0,5.0,0.0,0.0,0.0,0.0,0.0,0.0,0.0,0.0,2.0,0.0,0.0,0.0,0.0,0.0,0.0,0.0,0.0,0.0,0.0,0.0,0.0,0.0,2.0,0.0,0.0,0.0,0.0,0.0,0.0,0.0,0.0,0.0
euro_2012,15,Greece,64.0,8.0,0.0,1.0,4.0,12.0,3.0,0.0,0.0,1.0,0.0,0.0,0.0,3.0,0.0,5.0,0.0,0.0,0.0,0.0,0.0,0.0,1.0,5.0,0.0,0.0,0.0,12.0,0.0,0.0,0.0,2.0,0.0,0.0,2.0,0.0,4.0,1.0,0.0,0.0,0.0,0.0,0.0,0.0,0.0,0.0,0.0,0.0,0.0,0.0
euro_2012,16,Sweden,372.0,10.0,12.0,12.0,10.0,5.0,6.0,7.0,0.0,8.0,12.0,10.0,12.0,12.0,3.0,7.0,6.0,12.0,12.0,12.0,12.0,12.0,8.0,6.0,12.0,6.0,12.0,10.0,10.0,6.0,7.0,12.0,12.0,12.0,12.0,6.0,7.0,8.0,0.0,0.0,0.0,12.0,3.0,12.0,7.0,0.0,0.0,0.0,0.0,0.0
euro_2012,17,Turkey,112.0,3.0,0.0,8.0,0.0,10.0,0.0,0.0,0.0,4.0,0.0,0.0,0.0,0.0,0.0,12.0,0.0,0.0,2.0,5.0,0.0,0.0,7.0,0.0,0.0,8.0,0.0,0.0,1.0,0.0,3.0,7.0,1.0,8.0,1.0,8.0,0.0,7.0,6.0,0.0,0.0,3.0,5.0,3.0,0.0,0.0,0.0,0.0,0.0,0.0
euro_2012,18,Spain,97.0,6.0,0.0,0.0,0.0,0.0,0.0,0.0,0.0,5.0,3.0,0.0,4.0,0.0,12.0,0.0,0.0,2.0,0.0,6.0,0.0,0.0,3.0,0.0,0.0,0.0,0.0,6.0,0.0,0.0,8.0,6.0,8.0,6.0,10.0,0.0,0.0,0.0,4.0,0.0,0.0,6.0,1.0,1.0,0.0,0.0,0.0,0.0,0.0,0.0
euro_2012,19,Germany,110.0,0.0,10.0,0.0,0.0,2.0,0.0,4.0,0.0,0.0,1.0,2.0,10.0,0.0,10.0,0.0,0.0,0.0,10.0,7.0,3.0,0.0,0.0,0.0,7.0,2.0,3.0,0.0,3.0,0.0,4.0,0.0,6.0,2.0,0.0,0.0,0.0,2.0,0.0,0.0,8.0,4.0,0.0,10.0,0.0,0.0,0.0,0.0,0.0,0.0
euro_2012,20,Malta,41.0,0.0,0.0,0.0,6.0,0.0,2.0,0.0,0.0,0.0,0.0,0.0,0.0,0.0,0.0,8.0,0.0,0.0,0.0,0.0,0.0,0.0,0.0,7.0,0.0,0.0,0.0,0.0,7.0,3.0,0.0,0.0,5.0,0.0,0.0,1.0,0.0,0.0,0.0,0.0,0.0,0.0,2.0,0.0,0.0,0.0,0.0,0.0,0.0,0.0
euro_2012,21,Macedonia,71.0,0.0,0.0,0.0,12.0,8.0,8.0,8.0,0.0,12.0,0.0,6.0,0.0,0.0,0.0,0.0,0.0,0.0,0.0,0.0,0.0,1.0,2.0,3.0,0.0,0.0,0.0,0.0,0.0,2.0,0.0,0.0,0.0,0.0,0.0,0.0,0.0,0.0,0.0,0.0,1.0,0.0,0.0,0.0,8.0,0.0,0.0,0.0,0.0,0.0
euro_2012,22,Ireland,46.0,0.0,0.0,0.0,0.0,0.0,0.0,3.0,0.0,0.0,4.0,0.0,0.0,0.0,0.0,1.0,0.0,4.0,4.0,0.0,0.0,0.0,0.0,0.0,5.0,0.0,0.0,0.0,0.0,1.0,0.0,4.0,10.0,5.0,0.0,0.0,0.0,0.0,5.0,0.0,0.0,0.0,0.0,0.0,0.0,0.0,0.0,0.0,0.0,0.0
euro_2012,23,Serbia,214.0,5.0,0.0,10.0,0.0,1.0,0.0,12.0,0.0,10.0,2.0,12.0,0.0,4.0,5.0,0.0,8.0,3.0,0.0,8.0,0.0,7.0,12.0,2.0,0.0,5.0,10.0,7.0,5.0,0.0,10.0,5.0,0.0,10.0,0.0,10.0,3.0,0.0,10.0,0.0,6.0,10.0,6.0,4.0,12.0,0.0,0.0,0.0,0.0,0.0
euro_2012,24,Ukraine,65.0,0.0,3.0,0.0,0.0,0.0,0.0,0.0,0.0,0.0,0.0,0.0,1.0,8.0,1.0,3.0,1.0,0.0,0.0,0.0,2.0,0.0,0.0,0.0,6.0,7.0,1.0,0.0,2.0,10.0,0.0,0.0,0.0,0.0,0.0,3.0,8.0,6.0,0.0,0.0,3.0,0.0,0.0,0.0,0.0,0.0,0.0,0.0,0.0,0.0
euro_2012,25,Moldova,81.0,12.0,0.0,0.0,0.0,0.0,0.0,1.0,0.0,0.0,0.0,1.0,0.0,7.0,6.0,0.0,2.0,0.0,7.0,0.0,7.0,0.0,0.0,8.0,0.0,0.0,0.0,0.0,0.0,5.0,2.0,0.0,0.0,0.0,5.0,0.0,0.0,0.0,0.0,0.0,4.0,1.0,8.0,2.0,3.0,0.0,0.0,0.0,0.0,0.0
euro_2013,0,France,14.0,0.0,0.0,0.0,0.0,0.0,0.0,0.0,0.0,0.0,0.0,0.0,0.0,0.0,0.0,0.0,0.0,2.0,0.0,0.0,0.0,0.0,0.0,0.0,0.0,0.0,0.0,1.0,0.0,0.0,0.0,0.0,0.0,0.0,0.0,1.0,0.0,0.0,0.0,2.0,0.0,0.0,8.0,0.0,0.0,0.0,0.0,0.0,0.0,0.0
euro_2013,1,Lithuania,17.0,0.0,1.0,0.0,0.0,0.0,0.0,0.0,0.0,0.0,0.0,0.0,0.0,0.0,0.0,3.0,0.0,0.0,0.0,0.0,0.0,0.0,0.0,1.0,0.0,0.0,0.0,0.0,0.0,5.0,0.0,0.0,0.0,0.0,0.0,0.0,0.0,1.0,0.0,0.0,6.0,0.0,0.0,0.0,0.0,0.0,0.0,0.0,0.0,0.0
euro_2013,2,Moldova,71.0,12.0,3.0,0.0,6.0,0.0,0.0,0.0,0.0,0.0,0.0,0.0,0.0,6.0,0.0,1.0,0.0,0.0,0.0,4.0,2.0,0.0,3.0,8.0,0.0,0.0,0.0,0.0,0.0,4.0,0.0,3.0,0.0,0.0,1.0,7.0,0.0,0.0,0.0,0.0,4.0,2.0,0.0,0.0,5.0,0.0,0.0,0.0,0.0,0.0
euro_2013,3,Finland,13.0,0.0,0.0,1.0,0.0,0.0,0.0,0.0,0.0,0.0,0.0,0.0,0.0,0.0,0.0,0.0,0.0,0.0,2.0,3.0,0.0,0.0,0.0,0.0,0.0,0.0,0.0,0.0,0.0,0.0,0.0,0.0,0.0,0.0,4.0,0.0,0.0,0.0,0.0,0.0,0.0,0.0,3.0,0.0,0.0,0.0,0.0,0.0,0.0,0.0
euro_2013,4,Spain,8.0,0.0,0.0,0.0,0.0,6.0,0.0,0.0,0.0,0.0,0.0,0.0,0.0,0.0,0.0,0.0,0.0,0.0,0.0,0.0,0.0,0.0,0.0,0.0,0.0,0.0,0.0,0.0,0.0,0.0,0.0,0.0,0.0,0.0,0.0,0.0,0.0,0.0,0.0,0.0,2.0,0.0,0.0,0.0,0.0,0.0,0.0,0.0,0.0,0.0
euro_2013,5,Belgium,71.0,0.0,4.0,0.0,3.0,0.0,0.0,0.0,0.0,0.0,3.0,2.0,2.0,8.0,0.0,0.0,0.0,0.0,5.0,5.0,0.0,0.0,0.0,0.0,2.0,0.0,3.0,0.0,0.0,0.0,0.0,0.0,3.0,12.0,0.0,0.0,0.0,0.0,7.0,0.0,0.0,3.0,5.0,4.0,0.0,0.0,0.0,0.0,0.0,0.0
euro_2013,6,Estonia,19.0,0.0,0.0,0.0,0.0,0.0,0.0,0.0,0.0,0.0,6.0,0.0,0.0,0.0,0.0,0.0,0.0,0.0,0.0,0.0,0.0,0.0,0.0,0.0,10.0,0.0,0.0,0.0,3.0,0.0,0.0,0.0,0.0,0.0,0.0,0.0,0.0,0.0,0.0,0.0,0.0,0.0,0.0,0.0,0.0,0.0,0.0,0.0,0.0,0.0
euro_2013,7,Belarus,48.0,0.0,0.0,0.0,0.0,0.0,0.0,0.0,0.0,0.0,0.0,0.0,0.0,0.0,0.0,7.0,1.0,0.0,0.0,0.0,0.0,0.0,0.0,12.0,0.0,2.0,0.0,0.0,1.0,0.0,0.0,0.0,0.0,0.0,3.0,5.0,4.0,5.0,0.0,5.0,0.0,0.0,0.0,0.0,3.0,0.0,0.0,0.0,0.0,0.0
euro_2013,8,Malta,120.0,5.0,0.0,5.0,0.0,0.0,0.0,0.0,0.0,0.0,0.0,0.0,5.0,0.0,0.0,8.0,3.0,5.0,4.0,2.0,1.0,0.0,0.0,2.0,5.0,0.0,10.0,3.0,0.0,7.0,0.0,0.0,7.0,8.0,0.0,3.0,0.0,3.0,0.0,6.0,10.0,0.0,10.0,8.0,0.0,0.0,0.0,0.0,0.0,0.0
euro_2013,9,Russia,174.0,0.0,10.0,2.0,8.0,0.0,0.0,6.0,0.0,0.0,2.0,10.0,12.0,0.0,0.0,0.0,0.0,1.0,7.0,6.0,6.0,0.0,5.0,4.0,12.0,0.0,0.0,5.0,7.0,8.0,0.0,4.0,10.0,4.0,7.0,6.0,7.0,6.0,5.0,7.0,0.0,0.0,0.0,0.0,7.0,0.0,0.0,0.0,0.0,0.0
euro_2013,10,Germany,18.0,0.0,0.0,0.0,0.0,3.0,0.0,0.0,0.0,0.0,0.0,0.0,0.0,0.0,0.0,0.0,0.0,0.0,0.0,0.0,3.0,0.0,0.0,0.0,0.0,0.0,0.0,0.0,0.0,0.0,1.0,0.0,0.0,0.0,5.0,0.0,0.0,0.0,0.0,0.0,0.0,6.0,0.0,0.0,0.0,0.0,0.0,0.0,0.0,0.0
euro_2013,11,Armenia,41.0,0.0,0.0,0.0,0.0,0.0,0.0,0.0,0.0,0.0,0.0,0.0,0.0,2.0,0.0,0.0,0.0,0.0,0.0,7.0,0.0,0.0,8.0,6.0,0.0,1.0,0.0,0.0,0.0,2.0,0.0,0.0,0.0,0.0,0.0,0.0,1.0,10.0,0.0,0.0,0.0,0.0,1.0,3.0,0.0,0.0,0.0,0.0,0.0,0.0
euro_2013,12,Netherlands,114.0,2.0,6.0,0.0,0.0,4.0,0.0,2.0,0.0,0.0,8.0,7.0,7.0,3.0,0.0,0.0,0.0,8.0,10.0,0.0,0.0,0.0,0.0,0.0,0.0,0.0,8.0,0.0,4.0,0.0,4.0,12.0,6.0,0.0,0.0,2.0,0.0,0.0,8.0,0.0,0.0,8.0,0.0,5.0,0.0,0.0,0.0,0.0,0.0,0.0
euro_2013,13,Romania,65.0,0.0,0.0,0.0,0.0,5.0,0.0,0.0,0.0,0.0,0.0,0.0,0.0,0.0,0.0,6.0,10.0,6.0,0.0,1.0,0.0,0.0,0.0,0.0,0.0,7.0,6.0,0.0,0.0,0.0,0.0,0.0,4.0,0.0,0.0,0.0,10.0,0.0,4.0,0.0,1.0,4.0,0.0,0.0,1.0,0.0,0.0,0.0,0.0,0.0
euro_2013,14,United Kingdom,23.0,3.0,7.0,0.0,0.0,0.0,0.0,0.0,0.0,0.0,0.0,1.0,0.0,0.0,0.0,0.0,0.0,0.0,0.0,0.0,4.0,0.0,0.0,0.0,0.0,5.0,0.0,0.0,0.0,0.0,2.0,0.0,0.0,0.0,0.0,0.0,0.0,0.0,1.0,0.0,0.0,0.0,0.0,0.0,0.0,0.0,0.0,0.0,0.0,0.0
euro_2013,15,Sweden,62.0,0.0,5.0,3.0,1.0,0.0,0.0,1.0,0.0,0.0,4.0,6.0,1.0,0.0,0.0,0.0,0.0,4.0,8.0,0.0,0.0,0.0,4.0,0.0,4.0,0.0,12.0,0.0,0.0,0.0,0.0,1.0,0.0,3.0,0.0,0.0,5.0,0.0,0.0,0.0,0.0,0.0,0.0,0.0,0.0,0.0,0.0,0.0,0.0,0.0
euro_2013,16,Hungary,84.0,0.0,0.0,12.0,2.0,8.0,0.0,4.0,0.0,0.0,10.0,0.0,4.0,0.0,0.0,0.0,2.0,0.0,0.0,0.0,0.0,0.0,6.0,0.0,0.0,0.0,2.0,0.0,5.0,0.0,10.0,0.0,0.0,7.0,0.0,0.0,0.0,0.0,3.0,0.0,3.0,0.0,6.0,0.0,0.0,0.0,0.0,0.0,0.0,0.0
euro_2013,17,Denmark,281.0,6.0,12.0,10.0,12.0,1.0,0.0,10.0,0.0,0.0,7.0,12.0,8.0,4.0,0.0,5.0,7.0,12.0,0.0,12.0,8.0,0.0,2.0,5.0,6.0,6.0,7.0,7.0,2.0,1.0,3.0,10.0,12.0,10.0,8.0,12.0,6.0,7.0,10.0,4.0,12.0,5.0,0.0,10.0,10.0,0.0,0.0,0.0,0.0,0.0
euro_2013,18,Iceland,47.0,0.0,0.0,8.0,0.0,0.0,0.0,0.0,0.0,0.0,5.0,4.0,6.0,0.0,0.0,0.0,0.0,0.0,1.0,0.0,0.0,0.0,0.0,0.0,0.0,0.0,4.0,0.0,0.0,0.0,5.0,0.0,2.0,0.0,0.0,0.0,0.0,0.0,6.0,0.0,0.0,0.0,0.0,6.0,0.0,0.0,0.0,0.0,0.0,0.0
euro_2013,19,Azerbaijan,234.0,10.0,2.0,4.0,5.0,7.0,0.0,7.0,0.0,0.0,0.0,3.0,0.0,12.0,0.0,0.0,12.0,7.0,0.0,8.0,7.0,0.0,12.0,10.0,3.0,12.0,0.0,8.0,12.0,10.0,6.0,5.0,0.0,2.0,12.0,0.0,8.0,12.0,0.0,0.0,0.0,12.0,2.0,12.0,12.0,0.0,0.0,0.0,0.0,0.0
euro_2013,20,Greece,152.0,7.0,0.0,6.0,0.0,10.0,0.0,5.0,0.0,0.0,1.0,0.0,0.0,10.0,0.0,4.0,0.0,0.0,6.0,0.0,0.0,0.0,7.0,0.0,1.0,4.0,5.0,12.0,0.0,6.0,8.0,2.0,8.0,1.0,2.0,4.0,0.0,0.0,0.0,8.0,7.0,7.0,12.0,1.0,8.0,0.0,0.0,0.0,0.0,0.0
euro_2013,21,Ukraine,214.0,4.0,8.0,0.0,10.0,0.0,0.0,12.0,0.0,0.0,0.0,0.0,10.0,1.0,0.0,12.0,8.0,3.0,3.0,0.0,10.0,0.0,10.0,0.0,7.0,10.0,1.0,10.0,10.0,12.0,0.0,8.0,5.0,5.0,10.0,0.0,12.0,8.0,0.0,12.0,5.0,1.0,0.0,7.0,0.0,0.0,0.0,0.0,0.0,0.0
euro_2013,22,Italy,126.0,1.0,0.0,0.0,4.0,12.0,0.0,8.0,0.0,0.0,0.0,8.0,0.0,0.0,0.0,0.0,6.0,0.0,0.0,10.0,12.0,0.0,0.0,0.0,0.0,8.0,0.0,6.0,0.0,0.0,12.0,6.0,0.0,0.0,0.0,10.0,0.0,2.0,0.0,1.0,0.0,10.0,4.0,0.0,6.0,0.0,0.0,0.0,0.0,0.0
euro_2013,23,Norway,191.0,8.0,0.0,7.0,7.0,2.0,0.0,3.0,0.0,0.0,12.0,5.0,3.0,7.0,0.0,2.0,4.0,10.0,12.0,0.0,5.0,0.0,1.0,3.0,8.0,3.0,0.0,4.0,6.0,3.0,7.0,7.0,0.0,6.0,6.0,8.0,2.0,4.0,12.0,3.0,8.0,0.0,7.0,2.0,4.0,0.0,0.0,0.0,0.0,0.0
euro_2013,24,Georgia,50.0,0.0,0.0,0.0,0.0,0.0,0.0,0.0,0.0,0.0,0.0,0.0,0.0,5.0,0.0,10.0,5.0,0.0,0.0,0.0,0.0,0.0,0.0,7.0,0.0,0.0,0.0,0.0,8.0,0.0,0.0,0.0,0.0,0.0,0.0,0.0,3.0,0.0,0.0,10.0,0.0,0.0,0.0,0.0,2.0,0.0,0.0,0.0,0.0,0.0
euro_2013,25,Ireland,5.0,0.0,0.0,0.0,0.0,0.0,0.0,0.0,0.0,0.0,0.0,0.0,0.0,0.0,0.0,0.0,0.0,0.0,0.0,0.0,0.0,0.0,0.0,0.0,0.0,0.0,0.0,2.0,0.0,0.0,0.0,0.0,1.0,0.0,0.0,0.0,0.0,0.0,2.0,0.0,0.0,0.0,0.0,0.0,0.0,0.0,0.0,0.0,0.0,0.0
euro_2014,1,Ukraine,113.0,0.0,0.0,0.0,0.0,0.0,0.0,0.0,5.0,0.0,2.0,0.0,8.0,7.0,0.0,10.0,5.0,0.0,1.0,0.0,6.0,0.0,0.0,0.0,7.0,0.0,0.0,0.0,5.0,8.0,0.0,4.0,0.0,0.0,5.0,0.0,10.0,6.0,0.0,0.0,10.0,5.0,0.0,2.0,7.0,0.0,0.0,0.0,0.0,0.0
euro_2014,2,Belarus,43.0,0.0,0.0,0.0,0.0,0.0,0.0,0.0,0.0,0.0,0.0,0.0,0.0,12.0,0.0,7.0,0.0,0.0,0.0,0.0,0.0,0.0,0.0,6.0,0.0,0.0,0.0,0.0,3.0,0.0,0.0,0.0,0.0,0.0,1.0,0.0,5.0,0.0,0.0,8.0,0.0,0.0,0.0,0.0,1.0,0.0,0.0,0.0,0.0,0.0
euro_2014,3,Azerbaijan,33.0,0.0,0.0,0.0,0.0,0.0,0.0,0.0,0.0,0.0,0.0,0.0,0.0,10.0,0.0,0.0,0.0,0.0,0.0,0.0,0.0,0.0,0.0,1.0,0.0,0.0,0.0,0.0,0.0,3.0,0.0,0.0,0.0,0.0,0.0,0.0,0.0,7.0,0.0,0.0,0.0,0.0,12.0,0.0,0.0,0.0,0.0,0.0,0.0,0.0
euro_2014,4,Iceland,58.0,0.0,0.0,2.0,0.0,0.0,0.0,0.0,0.0,0.0,0.0,0.0,0.0,1.0,0.0,0.0,0.0,0.0,5.0,7.0,1.0,0.0,0.0,0.0,0.0,0.0,6.0,0.0,0.0,0.0,0.0,0.0,4.0,6.0,0.0,0.0,0.0,0.0,4.0,0.0,7.0,2.0,8.0,5.0,0.0,0.0,0.0,0.0,0.0,0.0
euro_2014,5,Norway,88.0,1.0,7.0,5.0,0.0,0.0,0.0,0.0,7.0,0.0,7.0,5.0,3.0,0.0,3.0,0.0,3.0,1.0,6.0,2.0,0.0,0.0,0.0,0.0,5.0,2.0,0.0,0.0,8.0,4.0,5.0,0.0,0.0,10.0,0.0,0.0,0.0,0.0,3.0,0.0,0.0,1.0,0.0,0.0,0.0,0.0,0.0,0.0,0.0,0.0
euro_2014,6,Romania,72.0,0.0,2.0,0.0,0.0,0.0,0.0,0.0,0.0,0.0,0.0,0.0,0.0,0.0,1.0,6.0,0.0,0.0,0.0,0.0,8.0,0.0,0.0,0.0,0.0,8.0,4.0,0.0,0.0,1.0,0.0,5.0,0.0,0.0,8.0,4.0,12.0,0.0,0.0,0.0,5.0,8.0,0.0,0.0,0.0,0.0,0.0,0.0,0.0,0.0
euro_2014,7,Armenia,174.0,7.0,0.0,6.0,0.0,0.0,0.0,0.0,1.0,0.0,4.0,0.0,5.0,8.0,4.0,0.0,7.0,2.0,2.0,12.0,4.0,0.0,0.0,10.0,10.0,6.0,0.0,0.0,0.0,10.0,0.0,0.0,0.0,7.0,6.0,8.0,3.0,12.0,5.0,0.0,0.0,12.0,6.0,7.0,10.0,0.0,0.0,0.0,0.0,0.0
euro_2014,8,Montenegro,37.0,0.0,0.0,0.0,0.0,6.0,0.0,0.0,0.0,0.0,0.0,7.0,0.0,0.0,0.0,0.0,0.0,0.0,0.0,0.0,0.0,0.0,0.0,0.0,0.0,0.0,0.0,0.0,0.0,0.0,0.0,0.0,0.0,0.0,0.0,12.0,0.0,0.0,0.0,12.0,0.0,0.0,0.0,0.0,0.0,0.0,0.0,0.0,0.0,0.0
euro_2014,9,Poland,62.0,0.0,0.0,10.0,0.0,0.0,0.0,0.0,0.0,0.0,0.0,1.0,0.0,0.0,0.0,2.0,1.0,3.0,0.0,5.0,0.0,0.0,0.0,7.0,0.0,0.0,2.0,0.0,0.0,7.0,0.0,0.0,0.0,0.0,0.0,5.0,2.0,0.0,2.0,0.0,8.0,0.0,0.0,3.0,4.0,0.0,0.0,0.0,0.0,0.0
euro_2014,10,Greece,35.0,0.0,0.0,0.0,0.0,2.0,0.0,0.0,0.0,0.0,0.0,0.0,0.0,4.0,0.0,4.0,0.0,0.0,0.0,0.0,0.0,0.0,0.0,0.0,0.0,1.0,0.0,0.0,0.0,6.0,0.0,0.0,2.0,0.0,2.0,0.0,0.0,4.0,0.0,7.0,3.0,0.0,0.0,0.0,0.0,0.0,0.0,0.0,0.0,0.0
euro_2014,11,Austria,290.0,8.0,12.0,7.0,0.0,5.0,0.0,0.0,0.0,0.0,12.0,12.0,4.0,5.0,12.0,1.0,12.0,10.0,8.0,10.0,12.0,0.0,0.0,8.0,6.0,10.0,10.0,0.0,10.0,0.0,12.0,12.0,12.0,12.0,12.0,3.0,7.0,10.0,12.0,0.0,12.0,0.0,0.0,10.0,2.0,0.0,0.0,0.0,0.0,0.0
euro_2014,12,Germany,39.0,2.0,0.0,0.0,0.0,4.0,0.0,0.0,8.0,0.0,0.0,2.0,0.0,0.0,0.0,0.0,0.0,0.0,0.0,0.0,0.0,0.0,0.0,5.0,0.0,0.0,0.0,0.0,0.0,0.0,7.0,0.0,0.0,0.0,0.0,0.0,0.0,5.0,0.0,6.0,0.0,0.0,0.0,0.0,0.0,0.0,0.0,0.0,0.0,0.0
euro_2014,13,Sweden,218.0,12.0,4.0,0.0,0.0,7.0,0.0,0.0,4.0,0.0,10.0,8.0,10.0,2.0,8.0,0.0,2.0,7.0,12.0,4.0,10.0,0.0,0.0,12.0,8.0,7.0,8.0,0.0,7.0,0.0,6.0,10.0,7.0,8.0,10.0,0.0,6.0,2.0,0.0,0.0,0.0,6.0,10.0,8.0,3.0,0.0,0.0,0.0,0.0,0.0
euro_2014,14,France,2.0,0.0,0.0,0.0,0.0,0.0,0.0,0.0,0.0,0.0,1.0,0.0,0.0,0.0,0.0,0.0,0.0,0.0,0.0,0.0,0.0,0.0,0.0,0.0,0.0,0.0,0.0,0.0,0.0,0.0,0.0,0.0,0.0,0.0,0.0,0.0,0.0,0.0,1.0,0.0,0.0,0.0,0.0,0.0,0.0,0.0,0.0,0.0,0.0,0.0
euro_2014,15,Russia,89.0,0.0,0.0,0.0,0.0,0.0,0.0,0.0,0.0,0.0,0.0,0.0,1.0,0.0,2.0,12.0,10.0,0.0,0.0,0.0,0.0,0.0,0.0,4.0,2.0,5.0,0.0,0.0,6.0,12.0,0.0,0.0,0.0,0.0,3.0,6.0,8.0,8.0,0.0,10.0,0.0,0.0,0.0,0.0,0.0,0.0,0.0,0.0,0.0,0.0
euro_2014,16,Italy,33.0,0.0,0.0,0.0,0.0,10.0,0.0,0.0,0.0,0.0,0.0,0.0,0.0,0.0,0.0,0.0,0.0,0.0,0.0,1.0,0.0,0.0,0.0,0.0,0.0,12.0,0.0,0.0,0.0,0.0,2.0,0.0,0.0,0.0,0.0,2.0,0.0,0.0,0.0,0.0,0.0,0.0,0.0,0.0,6.0,0.0,0.0,0.0,0.0,0.0
euro_2014,17,Slovenia,9.0,0.0,0.0,0.0,0.0,0.0,0.0,0.0,0.0,0.0,0.0,0.0,0.0,0.0,0.0,0.0,0.0,0.0,0.0,0.0,0.0,0.0,0.0,0.0,0.0,0.0,0.0,0.0,0.0,0.0,0.0,0.0,0.0,0.0,0.0,1.0,0.0,0.0,0.0,0.0,0.0,0.0,0.0,0.0,8.0,0.0,0.0,0.0,0.0,0.0
euro_2014,18,Finland,72.0,0.0,0.0,4.0,0.0,0.0,0.0,0.0,3.0,0.0,0.0,0.0,6.0,0.0,0.0,0.0,0.0,5.0,4.0,0.0,0.0,0.0,0.0,0.0,3.0,0.0,7.0,0.0,0.0,0.0,4.0,3.0,6.0,2.0,0.0,0.0,0.0,0.0,6.0,0.0,6.0,4.0,3.0,6.0,0.0,0.0,0.0,0.0,0.0,0.0
euro_2014,19,Spain,74.0,5.0,6.0,1.0,0.0,12.0,0.0,0.0,2.0,0.0,0.0,4.0,2.0,0.0,0.0,0.0,0.0,0.0,0.0,6.0,0.0,0.0,0.0,2.0,4.0,0.0,5.0,0.0,4.0,0.0,8.0,2.0,5.0,0.0,4.0,0.0,0.0,0.0,0.0,2.0,0.0,0.0,0.0,0.0,0.0,0.0,0.0,0.0,0.0,0.0
euro_2014,20,Switzerland,64.0,6.0,5.0,3.0,0.0,0.0,0.0,0.0,10.0,0.0,0.0,3.0,0.0,0.0,7.0,0.0,4.0,0.0,0.0,0.0,0.0,0.0,0.0,0.0,0.0,3.0,0.0,0.0,2.0,0.0,0.0,0.0,1.0,3.0,0.0,0.0,0.0,1.0,0.0,5.0,2.0,3.0,0.0,1.0,5.0,0.0,0.0,0.0,0.0,0.0
euro_2014,21,Hungary,143.0,10.0,1.0,0.0,0.0,8.0,0.0,0.0,0.0,0.0,5.0,0.0,7.0,6.0,6.0,8.0,6.0,6.0,3.0,0.0,2.0,0.0,0.0,3.0,1.0,0.0,0.0,0.0,0.0,5.0,1.0,7.0,0.0,4.0,7.0,10.0,4.0,0.0,7.0,0.0,0.0,7.0,7.0,0.0,12.0,0.0,0.0,0.0,0.0,0.0
euro_2014,22,Malta,32.0,0.0,3.0,0.0,0.0,1.0,0.0,0.0,0.0,0.0,3.0,0.0,0.0,0.0,0.0,5.0,0.0,0.0,0.0,0.0,0.0,0.0,0.0,0.0,0.0,0.0,0.0,0.0,0.0,0.0,0.0,0.0,10.0,5.0,0.0,0.0,0.0,0.0,0.0,0.0,1.0,0.0,4.0,0.0,0.0,0.0,0.0,0.0,0.0,0.0
euro_2014,23,Denmark,74.0,4.0,0.0,8.0,0.0,0.0,0.0,0.0,6.0,0.0,6.0,6.0,0.0,0.0,5.0,0.0,0.0,8.0,0.0,3.0,3.0,0.0,0.0,0.0,0.0,0.0,1.0,0.0,1.0,0.0,3.0,6.0,3.0,1.0,0.0,0.0,0.0,0.0,8.0,1.0,0.0,0.0,1.0,0.0,0.0,0.0,0.0,0.0,0.0,0.0
euro_2014,24,Netherlands,238.0,3.0,10.0,12.0,0.0,0.0,0.0,0.0,12.0,0.0,8.0,10.0,12.0,3.0,10.0,0.0,8.0,12.0,10.0,8.0,7.0,0.0,0.0,0.0,12.0,0.0,12.0,0.0,12.0,2.0,10.0,8.0,8.0,0.0,0.0,7.0,0.0,0.0,10.0,4.0,4.0,10.0,2.0,12.0,0.0,0.0,0.0,0.0,0.0,0.0
euro_2014,25,San Marino,14.0,0.0,0.0,0.0,0.0,3.0,0.0,0.0,0.0,0.0,0.0,0.0,0.0,0.0,0.0,3.0,0.0,0.0,0.0,0.0,0.0,0.0,0.0,0.0,0.0,0.0,0.0,0.0,0.0,0.0,0.0,0.0,0.0,0.0,0.0,0.0,1.0,0.0,0.0,3.0,0.0,0.0,0.0,4.0,0.0,0.0,0.0,0.0,0.0,0.0
euro_2014,26,United Kingdom,40.0,0.0,8.0,0.0,0.0,0.0,0.0,0.0,0.0,0.0,0.0,0.0,0.0,0.0,0.0,0.0,0.0,4.0,7.0,0.0,5.0,0.0,0.0,0.0,0.0,4.0,3.0,0.0,0.0,0.0,0.0,1.0,0.0,0.0,0.0,0.0,0.0,3.0,0.0,0.0,0.0,0.0,5.0,0.0,0.0,0.0,0.0,0.0,0.0,0.0
euro_2015,1,Slovenia,39.0,0.0,0.0,0.0,5.0,0.0,0.0,0.0,1.0,0.0,1.0,0.0,0.0,0.0,0.0,3.0,0.0,2.0,0.0,0.0,0.0,0.0,0.0,0.0,3.0,0.0,1.0,0.0,4.0,0.0,0.0,0.0,0.0,0.0,6.0,8.0,0.0,0.0,1.0,0.0,0.0,0.0,0.0,0.0,4.0,0.0,0.0,0.0,0.0,0.0
euro_2015,2,France,4.0,0.0,0.0,0.0,0.0,0.0,0.0,0.0,0.0,0.0,0.0,0.0,0.0,0.0,0.0,0.0,0.0,0.0,0.0,0.0,0.0,0.0,0.0,0.0,0.0,0.0,0.0,0.0,0.0,0.0,0.0,0.0,0.0,0.0,0.0,0.0,0.0,0.0,0.0,3.0,0.0,0.0,1.0,0.0,0.0,0.0,0.0,0.0,0.0,0.0
euro_2015,3,Israel,97.0,1.0,0.0,5.0,6.0,5.0,0.0,0.0,4.0,0.0,3.0,0.0,0.0,0.0,7.0,7.0,0.0,5.0,0.0,0.0,1.0,0.0,0.0,0.0,1.0,5.0,4.0,6.0,0.0,2.0,3.0,0.0,5.0,5.0,0.0,0.0,0.0,1.0,4.0,0.0,8.0,2.0,2.0,0.0,3.0,2.0,0.0,0.0,0.0,0.0
euro_2015,4,Estonia,106.0,0.0,0.0,2.0,2.0,4.0,0.0,0.0,2.0,0.0,10.0,0.0,0.0,7.0,1.0,4.0,0.0,1.0,6.0,0.0,3.0,0.0,0.0,0.0,6.0,3.0,3.0,2.0,8.0,7.0,0.0,2.0,0.0,4.0,3.0,2.0,0.0,2.0,3.0,0.0,2.0,6.0,0.0,7.0,1.0,3.0,0.0,0.0,0.0,0.0
euro_2015,5,United Kingdom,5.0,0.0,1.0,0.0,0.0,0.0,0.0,0.0,0.0,0.0,0.0,0.0,0.0,0.0,0.0,0.0,0.0,0.0,0.0,0.0,0.0,0.0,0.0,0.0,0.0,1.0,0.0,0.0,0.0,0.0,0.0,0.0,0.0,0.0,0.0,0.0,0.0,0.0,0.0,0.0,0.0,0.0,3.0,0.0,0.0,0.0,0.0,0.0,0.0,0.0
euro_2015,6,Armenia,34.0,0.0,0.0,0.0,0.0,0.0,0.0,0.0,0.0,0.0,0.0,0.0,0.0,6.0,0.0,0.0,1.0,0.0,0.0,3.0,0.0,0.0,0.0,0.0,0.0,0.0,0.0,0.0,0.0,4.0,0.0,3.0,0.0,0.0,0.0,3.0,0.0,12.0,0.0,0.0,0.0,0.0,0.0,0.0,0.0,0.0,2.0,0.0,0.0,0.0
euro_2015,7,Lithuania,30.0,0.0,7.0,0.0,0.0,0.0,0.0,0.0,0.0,0.0,0.0,0.0,2.0,0.0,0.0,0.0,0.0,0.0,1.0,0.0,0.0,0.0,0.0,0.0,7.0,0.0,6.0,0.0,0.0,0.0,0.0,0.0,4.0,0.0,0.0,0.0,0.0,3.0,0.0,0.0,0.0,0.0,0.0,0.0,0.0,0.0,0.0,0.0,0.0,0.0
euro_2015,8,Serbia,53.0,0.0,0.0,0.0,0.0,2.0,0.0,0.0,0.0,0.0,0.0,6.0,0.0,0.0,0.0,0.0,0.0,0.0,0.0,0.0,0.0,0.0,0.0,0.0,0.0,0.0,0.0,0.0,0.0,0.0,5.0,0.0,1.0,1.0,2.0,10.0,0.0,0.0,0.0,0.0,3.0,3.0,0.0,0.0,12.0,5.0,3.0,0.0,0.0,0.0
euro_2015,9,Norway,102.0,6.0,4.0,4.0,0.0,0.0,0.0,0.0,3.0,0.0,4.0,4.0,4.0,0.0,6.0,0.0,0.0,10.0,3.0,0.0,2.0,0.0,0.0,0.0,2.0,2.0,0.0,0.0,5.0,0.0,10.0,0.0,0.0,3.0,0.0,0.0,0.0,0.0,7.0,0.0,5.0,4.0,6.0,4.0,0.0,4.0,0.0,0.0,0.0,0.0
euro_2015,10,Sweden,365.0,8.0,10.0,10.0,8.0,7.0,0.0,0.0,12.0,0.0,12.0,12.0,10.0,8.0,8.0,6.0,4.0,12.0,12.0,8.0,8.0,0.0,0.0,0.0,12.0,10.0,12.0,10.0,10.0,10.0,12.0,12.0,12.0,10.0,10.0,5.0,8.0,7.0,0.0,7.0,12.0,7.0,7.0,10.0,5.0,12.0,10.0,0.0,0.0,0.0
euro_2015,11,Cyprus,11.0,0.0,0.0,0.0,0.0,0.0,0.0,0.0,0.0,0.0,0.0,1.0,0.0,0.0,0.0,0.0,10.0,0.0,0.0,0.0,0.0,0.0,0.0,0.0,0.0,0.0,0.0,0.0,0.0,0.0,0.0,0.0,0.0,0.0,0.0,0.0,0.0,0.0,0.0,0.0,0.0,0.0,0.0,0.0,0.0,0.0,0.0,0.0,0.0,0.0
euro_2015,12,Australia,196.0,2.0,5.0,7.0,3.0,3.0,0.0,0.0,8.0,0.0,5.0,2.0,5.0,4.0,0.0,0.0,5.0,8.0,8.0,2.0,7.0,0.0,0.0,0.0,5.0,6.0,10.0,4.0,3.0,6.0,8.0,4.0,10.0,8.0,7.0,0.0,4.0,0.0,12.0,1.0,6.0,12.0,8.0,8.0,0.0,0.0,0.0,0.0,0.0,0.0
euro_2015,13,Belgium,217.0,7.0,2.0,8.0,4.0,1.0,0.0,0.0,5.0,0.0,7.0,3.0,7.0,10.0,5.0,0.0,7.0,4.0,7.0,12.0,6.0,0.0,0.0,0.0,4.0,0.0,7.0,7.0,7.0,8.0,2.0,0.0,3.0,12.0,4.0,1.0,6.0,6.0,10.0,4.0,7.0,5.0,5.0,12.0,0.0,6.0,6.0,0.0,0.0,0.0
euro_2015,14,Austria,0.0,0.0,0.0,0.0,0.0,0.0,0.0,0.0,0.0,0.0,0.0,0.0,0.0,0.0,0.0,0.0,0.0,0.0,0.0,0.0,0.0,0.0,0.0,0.0,0.0,0.0,0.0,0.0,0.0,0.0,0.0,0.0,0.0,0.0,0.0,0.0,0.0,0.0,0.0,0.0,0.0,0.0,0.0,0.0,0.0,0.0,0.0,0.0,0.0,0.0
euro_2015,15,Greece,23.0,0.0,0.0,0.0,0.0,10.0,0.0,0.0,0.0,0.0,0.0,0.0,0.0,0.0,0.0,0.0,0.0,0.0,0.0,0.0,0.0,0.0,0.0,0.0,0.0,0.0,0.0,8.0,0.0,0.0,0.0,0.0,0.0,0.0,0.0,0.0,0.0,0.0,0.0,5.0,0.0,0.0,0.0,0.0,0.0,0.0,0.0,0.0,0.0,0.0
euro_2015,16,Montenegro,44.0,0.0,0.0,0.0,12.0,6.0,0.0,0.0,0.0,0.0,0.0,10.0,0.0,0.0,0.0,2.0,0.0,0.0,0.0,0.0,0.0,0.0,0.0,0.0,0.0,0.0,0.0,0.0,0.0,0.0,0.0,0.0,0.0,0.0,0.0,4.0,0.0,0.0,2.0,8.0,0.0,0.0,0.0,0.0,0.0,0.0,0.0,0.0,0.0,0.0
euro_2015,17,Germany,0.0,0.0,0.0,0.0,0.0,0.0,0.0,0.0,0.0,0.0,0.0,0.0,0.0,0.0,0.0,0.0,0.0,0.0,0.0,0.0,0.0,0.0,0.0,0.0,0.0,0.0,0.0,0.0,0.0,0.0,0.0,0.0,0.0,0.0,0.0,0.0,0.0,0.0,0.0,0.0,0.0,0.0,0.0,0.0,0.0,0.0,0.0,0.0,0.0,0.0
euro_2015,18,Poland,10.0,0.0,3.0,0.0,0.0,0.0,0.0,0.0,0.0,0.0,0.0,0.0,0.0,0.0,0.0,0.0,0.0,0.0,0.0,4.0,0.0,0.0,0.0,0.0,0.0,0.0,0.0,0.0,0.0,0.0,0.0,0.0,2.0,0.0,0.0,0.0,0.0,0.0,0.0,0.0,1.0,0.0,0.0,0.0,0.0,0.0,0.0,0.0,0.0,0.0
euro_2015,19,Latvia,186.0,5.0,12.0,6.0,1.0,0.0,0.0,0.0,10.0,0.0,6.0,7.0,6.0,2.0,2.0,5.0,3.0,7.0,4.0,7.0,4.0,0.0,0.0,0.0,0.0,4.0,8.0,3.0,12.0,5.0,4.0,7.0,7.0,2.0,0.0,0.0,2.0,4.0,5.0,2.0,4.0,1.0,12.0,5.0,0.0,7.0,5.0,0.0,0.0,0.0
euro_2015,20,Romania,35.0,0.0,0.0,0.0,0.0,0.0,0.0,0.0,0.0,0.0,0.0,0.0,0.0,0.0,4.0,0.0,0.0,0.0,2.0,0.0,5.0,0.0,0.0,0.0,0.0,0.0,0.0,1.0,0.0,0.0,0.0,5.0,0.0,0.0,5.0,0.0,12.0,0.0,0.0,0.0,0.0,0.0,0.0,1.0,0.0,0.0,0.0,0.0,0.0,0.0
euro_2015,21,Spain,15.0,0.0,0.0,0.0,0.0,0.0,0.0,0.0,0.0,0.0,0.0,0.0,0.0,1.0,3.0,1.0,0.0,0.0,0.0,5.0,0.0,0.0,0.0,0.0,0.0,0.0,0.0,0.0,0.0,0.0,1.0,0.0,0.0,0.0,1.0,0.0,1.0,0.0,0.0,0.0,0.0,0.0,0.0,0.0,2.0,0.0,0.0,0.0,0.0,0.0
euro_2015,22,Hungary,19.0,4.0,0.0,1.0,0.0,0.0,0.0,0.0,0.0,0.0,0.0,0.0,8.0,0.0,0.0,0.0,0.0,0.0,0.0,1.0,0.0,0.0,0.0,0.0,0.0,0.0,0.0,0.0,0.0,0.0,0.0,0.0,0.0,0.0,0.0,0.0,0.0,0.0,0.0,0.0,0.0,0.0,4.0,0.0,0.0,0.0,1.0,0.0,0.0,0.0
euro_2015,23,Georgia,51.0,0.0,0.0,0.0,0.0,0.0,0.0,0.0,0.0,0.0,0.0,0.0,1.0,5.0,0.0,10.0,2.0,0.0,0.0,0.0,0.0,0.0,0.0,0.0,0.0,0.0,0.0,0.0,6.0,3.0,0.0,1.0,0.0,0.0,0.0,0.0,5.0,0.0,0.0,10.0,0.0,0.0,0.0,3.0,0.0,1.0,4.0,0.0,0.0,0.0
euro_2015,24,Azerbaijan,49.0,3.0,0.0,0.0,0.0,0.0,0.0,0.0,0.0,0.0,0.0,0.0,0.0,3.0,0.0,0.0,0.0,0.0,0.0,0.0,0.0,0.0,0.0,0.0,0.0,8.0,0.0,0.0,2.0,0.0,0.0,0.0,0.0,0.0,0.0,0.0,3.0,10.0,0.0,0.0,0.0,0.0,0.0,0.0,8.0,0.0,12.0,0.0,0.0,0.0
euro_2015,25,Russia,303.0,10.0,8.0,12.0,10.0,8.0,0.0,0.0,6.0,0.0,8.0,5.0,12.0,0.0,10.0,12.0,8.0,3.0,10.0,10.0,10.0,0.0,0.0,0.0,10.0,7.0,2.0,5.0,0.0,12.0,7.0,10.0,6.0,6.0,8.0,6.0,10.0,5.0,6.0,12.0,10.0,8.0,0.0,6.0,7.0,10.0,8.0,0.0,0.0,0.0
euro_2015,26,Albania,34.0,0.0,0.0,0.0,0.0,0.0,0.0,0.0,0.0,0.0,0.0,0.0,0.0,0.0,0.0,0.0,6.0,0.0,0.0,0.0,0.0,0.0,0.0,0.0,0.0,0.0,0.0,0.0,0.0,0.0,0.0,6.0,0.0,0.0,0.0,12.0,0.0,0.0,0.0,0.0,0.0,0.0,0.0,0.0,10.0,0.0,0.0,0.0,0.0,0.0
euro_2015,27,Italy,292.0,12.0,6.0,3.0,7.0,12.0,0.0,0.0,7.0,0.0,2.0,8.0,3.0,12.0,12.0,8.0,12.0,6.0,5.0,6.0,12.0,0.0,0.0,0.0,8.0,12.0,5.0,12.0,1.0,1.0,6.0,8.0,8.0,7.0,12.0,7.0,7.0,8.0,8.0,6.0,0.0,10.0,10.0,2.0,6.0,8.0,7.0,0.0,0.0,0.0
euro_2016,1,Belgium,181.0,0.0,12.0,5.0,5.0,0.0,0.0,0.0,0.0,0.0,0.0,8.0,0.0,0.0,0.0,0.0,0.0,6.0,16.0,4.0,0.0,0.0,10.0,10.0,0.0,0.0,7.0,0.0,5.0,4.0,10.0,0.0,0.0,16.0,7.0,8.0,0.0,10.0,0.0,4.0,0.0,5.0,0.0,0.0,3.0,24.0,2.0,130.0,51.0,0.0
euro_2016,2,Czech Republic,41.0,0.0,2.0,0.0,0.0,0.0,0.0,10.0,4.0,6.0,3.0,0.0,0.0,0.0,0.0,0.0,0.0,5.0,0.0,0.0,0.0,0.0,0.0,0.0,0.0,0.0,0.0,0.0,0.0,0.0,0.0,1.0,0.0,0.0,0.0,0.0,0.0,0.0,3.0,1.0,0.0,4.0,0.0,2.0,0.0,0.0,0.0,41.0,0.0,0.0
euro_2016,3,Netherlands,153.0,0.0,8.0,7.0,5.0,0.0,0.0,0.0,0.0,0.0,10.0,1.0,6.0,0.0,0.0,0.0,0.0,18.0,14.0,7.0,3.0,0.0,2.0,0.0,3.0,3.0,6.0,0.0,0.0,0.0,5.0,14.0,0.0,0.0,0.0,2.0,0.0,0.0,7.0,0.0,4.0,6.0,4.0,8.0,0.0,3.0,7.0,114.0,39.0,0.0
euro_2016,4,Azerbaijan,117.0,0.0,0.0,0.0,0.0,0.0,0.0,0.0,0.0,9.0,0.0,0.0,0.0,16.0,0.0,0.0,1.0,1.0,0.0,0.0,2.0,0.0,1.0,17.0,3.0,6.0,0.0,2.0,0.0,10.0,0.0,0.0,0.0,1.0,2.0,1.0,8.0,7.0,10.0,0.0,0.0,0.0,0.0,7.0,7.0,0.0,6.0,44.0,73.0,0.0
euro_2016,5,Hungary,108.0,0.0,0.0,0.0,10.0,2.0,0.0,8.0,6.0,1.0,0.0,3.0,0.0,1.0,0.0,11.0,5.0,0.0,0.0,0.0,10.0,0.0,0.0,2.0,0.0,5.0,0.0,8.0,2.0,3.0,0.0,0.0,0.0,0.0,0.0,0.0,0.0,2.0,0.0,3.0,0.0,0.0,3.0,0.0,10.0,0.0,13.0,52.0,56.0,0.0
euro_2016,6,Italy,124.0,0.0,6.0,4.0,0.0,18.0,0.0,3.0,0.0,0.0,2.0,1.0,0.0,0.0,0.0,0.0,0.0,0.0,0.0,12.0,8.0,0.0,0.0,0.0,0.0,15.0,12.0,3.0,0.0,0.0,9.0,10.0,0.0,6.0,0.0,1.0,0.0,0.0,0.0,0.0,0.0,0.0,10.0,0.0,4.0,0.0,0.0,90.0,34.0,0.0
euro_2016,7,Israel,135.0,0.0,4.0,12.0,7.0,3.0,0.0,7.0,7.0,0.0,7.0,2.0,0.0,0.0,0.0,9.0,0.0,0.0,2.0,3.0,1.0,0.0,2.0,6.0,2.0,1.0,3.0,5.0,6.0,0.0,8.0,2.0,3.0,7.0,0.0,5.0,0.0,3.0,0.0,0.0,8.0,0.0,0.0,0.0,0.0,10.0,0.0,124.0,11.0,0.0
euro_2016,8,Bulgaria,307.0,0.0,15.0,4.0,12.0,12.0,0.0,1.0,6.0,5.0,4.0,12.0,0.0,0.0,0.0,16.0,7.0,0.0,6.0,15.0,12.0,0.0,0.0,3.0,2.0,18.0,13.0,12.0,2.0,5.0,1.0,11.0,13.0,1.0,14.0,20.0,2.0,3.0,4.0,7.0,7.0,5.0,3.0,4.0,7.0,18.0,5.0,127.0,180.0,0.0
euro_2016,9,Sweden,261.0,0.0,7.0,18.0,1.0,3.0,0.0,7.0,10.0,0.0,22.0,5.0,22.0,2.0,0.0,0.0,0.0,18.0,16.0,7.0,1.0,0.0,3.0,5.0,15.0,0.0,7.0,1.0,7.0,10.0,0.0,1.0,1.0,12.0,0.0,0.0,6.0,6.0,0.0,2.0,2.0,15.0,4.0,11.0,0.0,0.0,14.0,122.0,139.0,0.0
euro_2016,10,Germany,11.0,0.0,0.0,0.0,0.0,0.0,0.0,0.0,0.0,0.0,0.0,0.0,0.0,0.0,0.0,0.0,0.0,0.0,0.0,0.0,0.0,0.0,0.0,0.0,0.0,0.0,0.0,0.0,0.0,0.0,8.0,0.0,0.0,0.0,0.0,0.0,0.0,1.0,0.0,0.0,0.0,2.0,0.0,0.0,0.0,0.0,0.0,1.0,10.0,0.0
euro_2016,11,France,257.0,0.0,3.0,0.0,0.0,10.0,0.0,10.0,1.0,11.0,4.0,0.0,3.0,10.0,0.0,4.0,10.0,7.0,2.0,0.0,17.0,0.0,0.0,0.0,0.0,8.0,1.0,13.0,4.0,0.0,3.0,16.0,6.0,9.0,20.0,0.0,6.0,4.0,11.0,19.0,12.0,8.0,0.0,1.0,6.0,13.0,5.0,148.0,109.0,0.0
euro_2016,12,Poland,229.0,0.0,10.0,10.0,0.0,5.0,0.0,4.0,0.0,0.0,5.0,4.0,1.0,5.0,0.0,5.0,3.0,10.0,5.0,7.0,5.0,0.0,6.0,8.0,5.0,0.0,11.0,2.0,9.0,6.0,5.0,12.0,10.0,10.0,4.0,2.0,0.0,4.0,10.0,1.0,10.0,12.0,7.0,8.0,1.0,0.0,7.0,7.0,222.0,0.0
euro_2016,13,Australia,511.0,0.0,6.0,11.0,12.0,24.0,0.0,17.0,17.0,13.0,15.0,9.0,14.0,6.0,0.0,9.0,12.0,18.0,20.0,6.0,12.0,0.0,13.0,9.0,11.0,15.0,18.0,15.0,17.0,7.0,13.0,16.0,14.0,17.0,15.0,11.0,15.0,9.0,24.0,5.0,6.0,15.0,5.0,15.0,4.0,0.0,1.0,320.0,191.0,0.0
euro_2016,14,Cyprus,96.0,0.0,0.0,0.0,3.0,0.0,0.0,1.0,1.0,0.0,1.0,0.0,7.0,11.0,0.0,0.0,20.0,0.0,0.0,0.0,0.0,0.0,7.0,0.0,0.0,5.0,0.0,0.0,0.0,0.0,0.0,0.0,9.0,0.0,0.0,0.0,2.0,0.0,0.0,12.0,7.0,0.0,5.0,5.0,0.0,0.0,0.0,43.0,53.0,0.0
euro_2016,15,Serbia,115.0,0.0,0.0,0.0,0.0,0.0,0.0,14.0,0.0,20.0,0.0,17.0,0.0,0.0,0.0,0.0,0.0,0.0,0.0,0.0,0.0,0.0,5.0,0.0,0.0,0.0,0.0,0.0,0.0,0.0,12.0,0.0,2.0,0.0,0.0,19.0,0.0,0.0,0.0,0.0,4.0,4.0,0.0,0.0,18.0,0.0,0.0,35.0,80.0,0.0
euro_2016,16,Lithuania,200.0,0.0,12.0,1.0,8.0,4.0,0.0,0.0,2.0,0.0,6.0,0.0,10.0,0.0,0.0,5.0,0.0,4.0,11.0,0.0,0.0,0.0,1.0,15.0,18.0,0.0,14.0,3.0,0.0,10.0,7.0,0.0,16.0,0.0,1.0,0.0,7.0,10.0,8.0,0.0,2.0,1.0,8.0,3.0,2.0,8.0,3.0,104.0,96.0,0.0
euro_2016,17,Croatia,73.0,0.0,0.0,0.0,4.0,0.0,0.0,0.0,0.0,14.0,0.0,8.0,0.0,0.0,0.0,0.0,0.0,7.0,0.0,0.0,0.0,0.0,0.0,0.0,0.0,0.0,0.0,1.0,0.0,0.0,0.0,0.0,1.0,0.0,3.0,11.0,1.0,2.0,0.0,0.0,0.0,6.0,0.0,0.0,6.0,1.0,8.0,40.0,33.0,0.0
euro_2016,18,Russia,491.0,0.0,8.0,12.0,13.0,14.0,0.0,14.0,8.0,11.0,8.0,10.0,12.0,0.0,0.0,24.0,22.0,15.0,4.0,7.0,12.0,0.0,18.0,12.0,19.0,14.0,6.0,22.0,8.0,24.0,6.0,6.0,7.0,3.0,10.0,8.0,19.0,8.0,14.0,14.0,8.0,11.0,17.0,10.0,18.0,5.0,10.0,130.0,361.0,0.0
euro_2016,19,Spain,77.0,0.0,0.0,0.0,0.0,6.0,0.0,0.0,5.0,0.0,0.0,0.0,0.0,0.0,0.0,1.0,0.0,0.0,1.0,4.0,0.0,0.0,4.0,0.0,0.0,2.0,7.0,0.0,0.0,0.0,2.0,0.0,4.0,0.0,4.0,0.0,8.0,0.0,2.0,3.0,12.0,0.0,0.0,5.0,0.0,7.0,0.0,67.0,10.0,0.0
euro_2016,20,Latvia,132.0,0.0,8.0,2.0,0.0,0.0,0.0,0.0,11.0,0.0,2.0,7.0,15.0,4.0,0.0,0.0,0.0,0.0,0.0,0.0,0.0,0.0,0.0,13.0,0.0,0.0,3.0,0.0,19.0,5.0,3.0,0.0,3.0,0.0,5.0,3.0,1.0,13.0,0.0,0.0,0.0,0.0,6.0,8.0,0.0,0.0,1.0,69.0,63.0,0.0
euro_2016,21,Ukraine,534.0,0.0,4.0,13.0,19.0,6.0,0.0,10.0,24.0,19.0,12.0,19.0,15.0,10.0,0.0,20.0,8.0,0.0,15.0,10.0,7.0,0.0,10.0,0.0,22.0,4.0,8.0,7.0,18.0,17.0,10.0,5.0,15.0,10.0,20.0,18.0,22.0,22.0,7.0,10.0,22.0,10.0,24.0,12.0,8.0,10.0,12.0,211.0,323.0,0.0
euro_2016,22,Malta,153.0,0.0,0.0,0.0,10.0,2.0,0.0,0.0,0.0,0.0,5.0,0.0,2.0,8.0,0.0,11.0,4.0,4.0,0.0,4.0,6.0,0.0,7.0,0.0,4.0,0.0,0.0,6.0,0.0,5.0,0.0,0.0,0.0,0.0,0.0,0.0,3.0,0.0,7.0,13.0,5.0,10.0,3.0,10.0,12.0,6.0,6.0,137.0,16.0,0.0
euro_2016,23,Georgia,104.0,0.0,0.0,8.0,0.0,0.0,0.0,0.0,8.0,0.0,0.0,0.0,0.0,5.0,0.0,1.0,5.0,0.0,0.0,0.0,0.0,0.0,3.0,9.0,2.0,0.0,0.0,0.0,14.0,0.0,0.0,7.0,12.0,0.0,0.0,0.0,0.0,0.0,0.0,18.0,6.0,0.0,6.0,0.0,0.0,0.0,0.0,80.0,24.0,0.0
euro_2016,24,Austria,151.0,0.0,1.0,7.0,0.0,0.0,0.0,6.0,4.0,5.0,10.0,6.0,6.0,8.0,0.0,0.0,1.0,3.0,1.0,16.0,2.0,0.0,4.0,0.0,4.0,0.0,0.0,0.0,1.0,0.0,14.0,8.0,0.0,14.0,3.0,0.0,4.0,0.0,5.0,4.0,0.0,0.0,1.0,6.0,0.0,3.0,4.0,31.0,120.0,0.0
euro_2016,25,United Kingdom,62.0,0.0,10.0,0.0,2.0,5.0,0.0,0.0,0.0,0.0,0.0,0.0,3.0,6.0,0.0,0.0,0.0,0.0,3.0,0.0,0.0,0.0,0.0,0.0,0.0,13.0,0.0,0.0,0.0,0.0,0.0,0.0,0.0,0.0,0.0,0.0,0.0,0.0,0.0,0.0,0.0,0.0,8.0,0.0,0.0,8.0,4.0,54.0,8.0,0.0
euro_2016,26,Armenia,249.0,0.0,0.0,2.0,5.0,2.0,0.0,4.0,2.0,2.0,0.0,4.0,0.0,24.0,0.0,0.0,18.0,0.0,0.0,14.0,18.0,0.0,20.0,7.0,6.0,7.0,0.0,16.0,4.0,10.0,0.0,7.0,0.0,10.0,8.0,7.0,12.0,12.0,4.0,0.0,1.0,2.0,2.0,1.0,10.0,0.0,8.0,115.0,134.0,0.0
euro_2017,1,Israel,39.0,2.0,0.0,0.0,1.0,0.0,0.0,0.0,0.0,0.0,0.0,0.0,0.0,0.0,0.0,5.0,0.0,0.0,0.0,9.0,0.0,0.0,8.0,0.0,0.0,7.0,5.0,0.0,0.0,1.0,0.0,0.0,0.0,0.0,0.0,1.0,0.0,0.0,0.0,0.0,0.0,0.0,0.0,0.0,0.0,0.0,0.0,34.0,5.0,0.0
euro_2017,2,Poland,64.0,0.0,7.0,2.0,0.0,0.0,0.0,0.0,0.0,0.0,0.0,4.0,0.0,0.0,0.0,6.0,0.0,3.0,0.0,1.0,0.0,0.0,7.0,0.0,0.0,0.0,3.0,0.0,0.0,2.0,0.0,4.0,10.0,1.0,0.0,0.0,0.0,0.0,5.0,0.0,3.0,2.0,1.0,0.0,0.0,2.0,1.0,23.0,41.0,0.0
euro_2017,3,Belarus,83.0,0.0,0.0,0.0,0.0,0.0,0.0,5.0,4.0,0.0,0.0,0.0,2.0,0.0,0.0,12.0,3.0,0.0,0.0,0.0,0.0,0.0,2.0,20.0,8.0,2.0,0.0,0.0,1.0,0.0,0.0,0.0,1.0,0.0,3.0,0.0,4.0,6.0,0.0,0.0,0.0,7.0,0.0,0.0,0.0,0.0,3.0,50.0,33.0,0.0
euro_2017,4,Austria,93.0,1.0,7.0,2.0,4.0,0.0,0.0,1.0,0.0,0.0,0.0,0.0,0.0,0.0,10.0,0.0,0.0,0.0,7.0,1.0,3.0,0.0,12.0,0.0,6.0,0.0,0.0,0.0,5.0,4.0,0.0,3.0,3.0,3.0,0.0,0.0,2.0,5.0,4.0,1.0,1.0,0.0,0.0,0.0,1.0,3.0,4.0,93.0,0.0,0.0
euro_2017,5,Armenia,79.0,0.0,0.0,0.0,5.0,7.0,0.0,0.0,2.0,0.0,0.0,3.0,0.0,0.0,0.0,0.0,10.0,0.0,1.0,6.0,0.0,0.0,4.0,0.0,0.0,1.0,0.0,1.0,3.0,0.0,0.0,0.0,0.0,0.0,0.0,0.0,6.0,13.0,0.0,0.0,4.0,0.0,4.0,2.0,4.0,1.0,2.0,58.0,21.0,0.0
euro_2017,6,Netherlands,150.0,12.0,4.0,8.0,0.0,0.0,0.0,9.0,8.0,0.0,0.0,1.0,4.0,0.0,3.0,0.0,0.0,0.0,6.0,4.0,3.0,0.0,10.0,3.0,0.0,0.0,4.0,0.0,2.0,5.0,7.0,10.0,4.0,0.0,0.0,0.0,0.0,1.0,3.0,0.0,0.0,12.0,7.0,8.0,0.0,4.0,8.0,135.0,15.0,0.0
euro_2017,7,Moldova,374.0,20.0,8.0,7.0,14.0,0.0,0.0,4.0,6.0,0.0,8.0,3.0,4.0,0.0,18.0,20.0,13.0,6.0,11.0,7.0,13.0,0.0,10.0,16.0,9.0,1.0,8.0,6.0,8.0,10.0,0.0,7.0,12.0,5.0,8.0,8.0,0.0,0.0,16.0,14.0,20.0,3.0,8.0,10.0,3.0,22.0,8.0,110.0,264.0,0.0
euro_2017,8,Hungary,200.0,10.0,2.0,4.0,22.0,6.0,0.0,24.0,5.0,0.0,4.0,5.0,9.0,0.0,2.0,7.0,0.0,6.0,3.0,2.0,0.0,0.0,6.0,12.0,2.0,5.0,4.0,0.0,2.0,8.0,8.0,1.0,1.0,6.0,1.0,3.0,1.0,0.0,4.0,0.0,4.0,10.0,4.0,0.0,7.0,0.0,0.0,48.0,152.0,0.0
euro_2017,9,Italy,334.0,6.0,1.0,4.0,14.0,24.0,0.0,7.0,0.0,0.0,15.0,12.0,5.0,0.0,4.0,6.0,11.0,12.0,0.0,15.0,18.0,0.0,0.0,0.0,3.0,24.0,9.0,18.0,13.0,0.0,12.0,5.0,2.0,2.0,10.0,8.0,4.0,7.0,7.0,6.0,0.0,12.0,13.0,4.0,18.0,2.0,1.0,126.0,208.0,0.0
euro_2017,10,Denmark,77.0,5.0,0.0,0.0,0.0,0.0,0.0,3.0,0.0,0.0,4.0,0.0,5.0,0.0,0.0,0.0,0.0,3.0,0.0,0.0,0.0,0.0,0.0,0.0,0.0,0.0,8.0,0.0,0.0,3.0,0.0,0.0,2.0,8.0,0.0,7.0,0.0,0.0,5.0,0.0,0.0,0.0,0.0,5.0,0.0,13.0,6.0,69.0,8.0,0.0
euro_2017,11,Portugal,758.0,13.0,15.0,22.0,20.0,14.0,0.0,17.0,22.0,0.0,20.0,20.0,18.0,0.0,0.0,16.0,13.0,24.0,15.0,24.0,24.0,0.0,7.0,20.0,22.0,18.0,22.0,15.0,24.0,17.0,24.0,20.0,20.0,24.0,24.0,17.0,13.0,20.0,22.0,22.0,10.0,20.0,19.0,19.0,8.0,14.0,20.0,382.0,376.0,0.0
euro_2017,12,Azerbaijan,120.0,0.0,1.0,0.0,0.0,2.0,0.0,0.0,1.0,0.0,0.0,4.0,0.0,0.0,12.0,0.0,10.0,0.0,0.0,0.0,0.0,0.0,5.0,6.0,0.0,0.0,0.0,1.0,0.0,0.0,0.0,4.0,0.0,0.0,0.0,0.0,15.0,22.0,0.0,0.0,12.0,0.0,6.0,4.0,5.0,0.0,10.0,78.0,42.0,0.0
euro_2017,13,Croatia,128.0,6.0,3.0,11.0,5.0,7.0,0.0,0.0,1.0,0.0,0.0,12.0,0.0,0.0,0.0,1.0,0.0,0.0,0.0,0.0,0.0,0.0,1.0,7.0,0.0,9.0,1.0,0.0,0.0,0.0,8.0,0.0,5.0,3.0,0.0,10.0,0.0,0.0,2.0,0.0,6.0,4.0,3.0,5.0,17.0,1.0,0.0,25.0,103.0,0.0
euro_2017,14,Australia,173.0,4.0,0.0,5.0,3.0,4.0,0.0,6.0,7.0,0.0,10.0,7.0,7.0,0.0,5.0,0.0,0.0,10.0,10.0,2.0,8.0,0.0,0.0,2.0,5.0,0.0,3.0,4.0,1.0,7.0,4.0,6.0,10.0,4.0,0.0,8.0,4.0,0.0,10.0,0.0,0.0,0.0,0.0,7.0,0.0,0.0,10.0,171.0,2.0,0.0
euro_2017,15,Greece,77.0,1.0,0.0,0.0,0.0,4.0,0.0,0.0,0.0,0.0,0.0,0.0,0.0,0.0,0.0,5.0,0.0,0.0,0.0,0.0,2.0,0.0,11.0,0.0,0.0,0.0,0.0,24.0,0.0,0.0,0.0,0.0,0.0,0.0,0.0,0.0,7.0,0.0,0.0,11.0,0.0,0.0,0.0,0.0,12.0,0.0,0.0,48.0,29.0,0.0
euro_2017,16,Spain,5.0,0.0,0.0,0.0,0.0,0.0,0.0,0.0,0.0,0.0,0.0,0.0,0.0,0.0,5.0,0.0,0.0,0.0,0.0,0.0,0.0,0.0,0.0,0.0,0.0,0.0,0.0,0.0,0.0,0.0,0.0,0.0,0.0,0.0,0.0,0.0,0.0,0.0,0.0,0.0,0.0,0.0,0.0,0.0,0.0,0.0,0.0,0.0,5.0,0.0
euro_2017,17,Norway,158.0,0.0,2.0,12.0,0.0,0.0,0.0,2.0,3.0,0.0,3.0,0.0,10.0,0.0,2.0,0.0,0.0,2.0,13.0,7.0,0.0,0.0,0.0,1.0,8.0,0.0,0.0,0.0,16.0,11.0,5.0,7.0,0.0,7.0,5.0,2.0,0.0,7.0,6.0,5.0,3.0,3.0,10.0,6.0,0.0,0.0,0.0,129.0,29.0,0.0
euro_2017,18,United Kingdom,111.0,0.0,4.0,6.0,0.0,8.0,0.0,0.0,5.0,0.0,2.0,10.0,6.0,0.0,0.0,0.0,1.0,7.0,0.0,3.0,1.0,0.0,0.0,0.0,4.0,4.0,1.0,5.0,0.0,0.0,0.0,2.0,0.0,5.0,0.0,3.0,0.0,0.0,0.0,4.0,0.0,1.0,6.0,3.0,0.0,15.0,5.0,99.0,12.0,0.0
euro_2017,19,Cyprus,68.0,0.0,0.0,0.0,0.0,0.0,0.0,0.0,0.0,0.0,5.0,0.0,0.0,0.0,1.0,0.0,24.0,0.0,0.0,0.0,0.0,0.0,3.0,0.0,0.0,0.0,0.0,0.0,0.0,0.0,0.0,5.0,0.0,0.0,0.0,0.0,0.0,6.0,2.0,19.0,0.0,0.0,0.0,2.0,1.0,0.0,0.0,36.0,32.0,0.0
euro_2017,20,Romania,282.0,0.0,20.0,6.0,4.0,7.0,0.0,6.0,7.0,0.0,3.0,2.0,6.0,0.0,7.0,5.0,7.0,5.0,4.0,10.0,7.0,0.0,11.0,3.0,8.0,11.0,10.0,4.0,4.0,2.0,4.0,6.0,7.0,8.0,7.0,4.0,24.0,0.0,3.0,2.0,10.0,10.0,6.0,6.0,10.0,10.0,6.0,58.0,224.0,0.0
euro_2017,21,Germany,6.0,0.0,3.0,0.0,0.0,0.0,0.0,0.0,0.0,0.0,0.0,0.0,0.0,0.0,0.0,0.0,0.0,0.0,0.0,0.0,0.0,0.0,0.0,0.0,0.0,0.0,0.0,0.0,0.0,0.0,3.0,0.0,0.0,0.0,0.0,0.0,0.0,0.0,0.0,0.0,0.0,0.0,0.0,0.0,0.0,0.0,0.0,3.0,3.0,0.0
euro_2017,22,Ukraine,36.0,0.0,0.0,0.0,0.0,0.0,0.0,0.0,2.0,0.0,0.0,0.0,0.0,0.0,3.0,7.0,0.0,0.0,0.0,0.0,0.0,0.0,1.0,0.0,0.0,0.0,0.0,0.0,0.0,1.0,0.0,0.0,0.0,0.0,4.0,0.0,0.0,4.0,0.0,0.0,7.0,0.0,0.0,0.0,0.0,0.0,7.0,12.0,24.0,0.0
euro_2017,23,Belgium,363.0,5.0,17.0,10.0,3.0,5.0,0.0,5.0,22.0,0.0,10.0,11.0,14.0,0.0,18.0,4.0,5.0,12.0,8.0,8.0,8.0,0.0,4.0,6.0,22.0,5.0,7.0,5.0,14.0,6.0,13.0,0.0,8.0,12.0,14.0,4.0,2.0,0.0,13.0,5.0,9.0,10.0,13.0,8.0,10.0,4.0,4.0,108.0,255.0,0.0
euro_2017,24,Sweden,344.0,9.0,6.0,4.0,3.0,2.0,0.0,6.0,7.0,0.0,18.0,7.0,6.0,0.0,8.0,3.0,3.0,16.0,24.0,8.0,10.0,0.0,2.0,7.0,4.0,7.0,11.0,11.0,9.0,11.0,11.0,14.0,12.0,10.0,13.0,6.0,11.0,9.0,0.0,9.0,10.0,5.0,2.0,4.0,7.0,12.0,7.0,218.0,126.0,0.0
euro_2017,25,Bulgaria,615.0,18.0,16.0,13.0,16.0,20.0,0.0,18.0,14.0,0.0,13.0,15.0,19.0,0.0,8.0,14.0,12.0,10.0,14.0,9.0,16.0,0.0,0.0,2.0,15.0,18.0,20.0,17.0,14.0,24.0,14.0,18.0,19.0,18.0,17.0,24.0,18.0,13.0,14.0,7.0,10.0,17.0,14.0,22.0,8.0,13.0,14.0,278.0,337.0,0.0
euro_2017,26,France,135.0,4.0,0.0,0.0,2.0,6.0,0.0,3.0,0.0,0.0,1.0,0.0,1.0,0.0,10.0,5.0,4.0,0.0,0.0,0.0,3.0,0.0,12.0,11.0,0.0,4.0,0.0,5.0,0.0,4.0,3.0,4.0,0.0,0.0,10.0,11.0,5.0,3.0,0.0,11.0,7.0,0.0,0.0,1.0,5.0,0.0,0.0,45.0,90.0,0.0
euro_2018,1,Ukraine,130.0,0.0,0.0,0.0,0.0,0.0,0.0,0.0,12.0,0.0,0.0,0.0,0.0,8.0,4.0,14.0,0.0,0.0,0.0,4.0,0.0,0.0,1.0,0.0,3.0,0.0,0.0,2.0,0.0,12.0,0.0,0.0,0.0,0.0,7.0,4.0,15.0,8.0,0.0,4.0,8.0,0.0,5.0,0.0,7.0,0.0,12.0,11.0,119.0,0.0
euro_2018,2,Spain,61.0,10.0,1.0,6.0,0.0,0.0,0.0,0.0,0.0,0.0,0.0,0.0,0.0,0.0,14.0,0.0,0.0,0.0,6.0,5.0,0.0,0.0,0.0,0.0,0.0,0.0,2.0,7.0,0.0,0.0,1.0,1.0,1.0,0.0,0.0,0.0,0.0,0.0,0.0,0.0,0.0,0.0,0.0,0.0,0.0,7.0,0.0,43.0,18.0,0.0
euro_2018,3,Slovenia,64.0,1.0,0.0,0.0,8.0,0.0,0.0,7.0,0.0,0.0,0.0,0.0,0.0,0.0,3.0,0.0,0.0,0.0,0.0,2.0,0.0,0.0,0.0,5.0,1.0,0.0,0.0,0.0,0.0,4.0,0.0,0.0,0.0,1.0,4.0,4.0,0.0,0.0,0.0,0.0,0.0,5.0,6.0,0.0,6.0,0.0,7.0,41.0,23.0,0.0
euro_2018,4,Lithuania,181.0,6.0,12.0,8.0,0.0,0.0,0.0,12.0,1.0,0.0,0.0,0.0,22.0,3.0,6.0,0.0,0.0,0.0,0.0,0.0,0.0,0.0,10.0,2.0,16.0,5.0,15.0,6.0,0.0,5.0,8.0,0.0,12.0,7.0,0.0,0.0,0.0,9.0,7.0,0.0,0.0,0.0,0.0,5.0,0.0,3.0,1.0,90.0,91.0,0.0
euro_2018,5,Austria,342.0,12.0,5.0,15.0,4.0,2.0,0.0,0.0,12.0,0.0,10.0,12.0,18.0,0.0,8.0,0.0,0.0,17.0,18.0,7.0,8.0,0.0,16.0,7.0,7.0,1.0,16.0,2.0,15.0,10.0,8.0,15.0,12.0,13.0,13.0,0.0,3.0,9.0,12.0,7.0,7.0,0.0,0.0,11.0,0.0,5.0,5.0,271.0,71.0,0.0
euro_2018,6,Estonia,245.0,3.0,7.0,2.0,3.0,4.0,0.0,0.0,0.0,0.0,12.0,5.0,0.0,9.0,19.0,3.0,7.0,7.0,7.0,7.0,3.0,0.0,2.0,4.0,18.0,0.0,0.0,5.0,12.0,0.0,10.0,0.0,6.0,4.0,8.0,12.0,13.0,16.0,0.0,2.0,10.0,2.0,5.0,0.0,5.0,8.0,5.0,143.0,102.0,0.0
euro_2018,7,Norway,144.0,0.0,0.0,0.0,9.0,0.0,0.0,5.0,0.0,0.0,0.0,5.0,6.0,5.0,0.0,7.0,3.0,4.0,8.0,0.0,3.0,0.0,0.0,0.0,2.0,4.0,0.0,5.0,0.0,18.0,0.0,0.0,5.0,4.0,0.0,0.0,7.0,0.0,10.0,7.0,12.0,0.0,0.0,7.0,7.0,1.0,0.0,60.0,84.0,0.0
euro_2018,8,Portugal,39.0,0.0,6.0,0.0,0.0,0.0,0.0,0.0,0.0,0.0,0.0,0.0,3.0,0.0,0.0,0.0,0.0,0.0,0.0,8.0,0.0,0.0,0.0,0.0,0.0,0.0,0.0,0.0,7.0,0.0,13.0,0.0,0.0,2.0,0.0,0.0,0.0,0.0,0.0,0.0,0.0,0.0,0.0,0.0,0.0,0.0,0.0,21.0,18.0,0.0
euro_2018,9,United Kingdom,48.0,0.0,10.0,1.0,0.0,3.0,0.0,2.0,0.0,0.0,0.0,0.0,0.0,0.0,0.0,0.0,0.0,0.0,3.0,3.0,0.0,0.0,0.0,0.0,2.0,1.0,0.0,0.0,0.0,0.0,0.0,0.0,0.0,0.0,8.0,0.0,0.0,0.0,0.0,0.0,6.0,0.0,1.0,0.0,2.0,6.0,0.0,23.0,25.0,0.0
euro_2018,10,Serbia,113.0,0.0,0.0,0.0,0.0,3.0,0.0,12.0,0.0,0.0,0.0,12.0,0.0,0.0,0.0,10.0,2.0,0.0,0.0,1.0,0.0,0.0,7.0,0.0,0.0,0.0,0.0,0.0,0.0,0.0,12.0,0.0,0.0,0.0,0.0,18.0,0.0,0.0,0.0,0.0,1.0,8.0,3.0,0.0,24.0,0.0,0.0,38.0,75.0,0.0
euro_2018,11,Germany,340.0,8.0,16.0,0.0,10.0,14.0,0.0,3.0,11.0,0.0,1.0,4.0,6.0,4.0,8.0,5.0,2.0,14.0,24.0,8.0,13.0,0.0,6.0,0.0,3.0,4.0,18.0,3.0,7.0,0.0,18.0,7.0,3.0,24.0,8.0,3.0,8.0,7.0,6.0,5.0,13.0,16.0,14.0,1.0,0.0,12.0,3.0,204.0,136.0,0.0
euro_2018,12,Albania,184.0,0.0,2.0,0.0,1.0,0.0,0.0,5.0,7.0,0.0,0.0,5.0,0.0,0.0,10.0,12.0,17.0,10.0,0.0,0.0,0.0,0.0,7.0,0.0,0.0,0.0,0.0,6.0,0.0,7.0,7.0,2.0,7.0,0.0,0.0,18.0,0.0,4.0,0.0,0.0,12.0,9.0,0.0,10.0,20.0,0.0,6.0,126.0,58.0,0.0
euro_2018,13,France,173.0,0.0,4.0,0.0,0.0,12.0,0.0,6.0,3.0,0.0,9.0,2.0,0.0,2.0,5.0,0.0,5.0,9.0,2.0,0.0,10.0,0.0,5.0,19.0,10.0,8.0,8.0,4.0,15.0,0.0,0.0,11.0,0.0,0.0,6.0,0.0,0.0,4.0,5.0,9.0,0.0,0.0,0.0,0.0,0.0,0.0,0.0,114.0,59.0,0.0
euro_2018,14,Czech Republic,281.0,3.0,7.0,8.0,5.0,1.0,0.0,9.0,4.0,0.0,5.0,11.0,5.0,2.0,0.0,6.0,7.0,11.0,6.0,4.0,14.0,0.0,11.0,14.0,4.0,8.0,4.0,13.0,8.0,11.0,0.0,8.0,5.0,6.0,12.0,9.0,6.0,0.0,3.0,14.0,0.0,15.0,10.0,8.0,0.0,4.0,0.0,66.0,215.0,0.0
euro_2018,15,Denmark,226.0,2.0,2.0,3.0,4.0,0.0,0.0,2.0,6.0,0.0,13.0,7.0,8.0,7.0,2.0,0.0,0.0,12.0,0.0,2.0,0.0,0.0,0.0,11.0,5.0,2.0,10.0,0.0,10.0,10.0,2.0,5.0,2.0,8.0,6.0,0.0,0.0,3.0,12.0,0.0,12.0,5.0,6.0,24.0,6.0,10.0,7.0,38.0,188.0,0.0
euro_2018,16,Australia,99.0,2.0,0.0,7.0,0.0,0.0,0.0,0.0,4.0,0.0,0.0,0.0,0.0,5.0,0.0,0.0,0.0,0.0,12.0,10.0,0.0,0.0,0.0,2.0,6.0,9.0,6.0,0.0,0.0,2.0,0.0,0.0,1.0,0.0,7.0,0.0,7.0,0.0,8.0,2.0,0.0,0.0,2.0,7.0,0.0,0.0,0.0,90.0,9.0,0.0
euro_2018,17,Finland,46.0,0.0,0.0,0.0,0.0,0.0,0.0,0.0,0.0,0.0,0.0,0.0,12.0,0.0,0.0,0.0,0.0,3.0,0.0,0.0,0.0,0.0,0.0,0.0,0.0,0.0,0.0,0.0,0.0,0.0,0.0,0.0,4.0,0.0,6.0,5.0,0.0,0.0,9.0,0.0,0.0,0.0,0.0,0.0,0.0,4.0,3.0,23.0,23.0,0.0
euro_2018,18,Bulgaria,166.0,5.0,10.0,0.0,2.0,14.0,0.0,8.0,2.0,0.0,10.0,0.0,7.0,0.0,7.0,6.0,5.0,0.0,1.0,0.0,5.0,0.0,0.0,0.0,0.0,9.0,0.0,12.0,0.0,1.0,2.0,0.0,14.0,0.0,1.0,7.0,11.0,6.0,6.0,0.0,0.0,6.0,0.0,0.0,4.0,0.0,5.0,100.0,66.0,0.0
euro_2018,19,Moldova,209.0,19.0,1.0,0.0,6.0,2.0,0.0,8.0,0.0,0.0,0.0,6.0,1.0,24.0,6.0,11.0,11.0,0.0,0.0,6.0,0.0,0.0,8.0,6.0,7.0,0.0,0.0,10.0,0.0,6.0,0.0,0.0,4.0,0.0,10.0,1.0,0.0,3.0,0.0,11.0,10.0,0.0,9.0,2.0,8.0,7.0,6.0,94.0,115.0,0.0
euro_2018,20,Sweden,274.0,0.0,0.0,12.0,12.0,4.0,0.0,0.0,6.0,0.0,8.0,12.0,5.0,11.0,0.0,2.0,8.0,7.0,11.0,5.0,2.0,0.0,2.0,6.0,12.0,7.0,13.0,12.0,12.0,1.0,5.0,8.0,2.0,8.0,10.0,7.0,0.0,12.0,0.0,12.0,1.0,8.0,8.0,1.0,2.0,12.0,8.0,253.0,21.0,0.0
euro_2018,21,Hungary,93.0,10.0,0.0,2.0,12.0,0.0,0.0,0.0,10.0,0.0,8.0,3.0,3.0,0.0,0.0,8.0,6.0,0.0,0.0,0.0,0.0,0.0,5.0,1.0,0.0,0.0,0.0,4.0,2.0,2.0,0.0,0.0,0.0,2.0,3.0,0.0,2.0,0.0,0.0,0.0,2.0,3.0,0.0,0.0,3.0,0.0,2.0,28.0,65.0,0.0
euro_2018,22,Israel,529.0,8.0,13.0,11.0,9.0,6.0,0.0,16.0,10.0,0.0,19.0,1.0,0.0,18.0,2.0,13.0,10.0,15.0,3.0,24.0,22.0,0.0,14.0,22.0,8.0,14.0,7.0,10.0,7.0,8.0,6.0,16.0,17.0,15.0,0.0,4.0,22.0,15.0,17.0,18.0,9.0,19.0,24.0,16.0,1.0,18.0,22.0,212.0,317.0,0.0
euro_2018,23,Netherlands,121.0,8.0,3.0,5.0,7.0,0.0,0.0,0.0,8.0,0.0,2.0,7.0,1.0,0.0,0.0,0.0,0.0,0.0,5.0,6.0,0.0,0.0,0.0,8.0,5.0,0.0,9.0,0.0,3.0,0.0,0.0,22.0,0.0,0.0,0.0,0.0,1.0,5.0,1.0,3.0,0.0,1.0,0.0,8.0,3.0,0.0,0.0,89.0,32.0,0.0
euro_2018,24,Ireland,136.0,1.0,0.0,15.0,0.0,7.0,0.0,3.0,7.0,0.0,2.0,0.0,0.0,0.0,3.0,0.0,0.0,4.0,4.0,1.0,6.0,0.0,1.0,0.0,0.0,0.0,1.0,0.0,4.0,0.0,6.0,4.0,13.0,4.0,0.0,0.0,0.0,0.0,4.0,0.0,5.0,8.0,4.0,3.0,0.0,12.0,14.0,74.0,62.0,0.0
euro_2018,25,Cyprus,436.0,12.0,17.0,9.0,10.0,20.0,0.0,8.0,8.0,0.0,7.0,14.0,12.0,11.0,5.0,14.0,24.0,3.0,6.0,3.0,20.0,0.0,15.0,4.0,1.0,22.0,7.0,0.0,7.0,15.0,10.0,11.0,8.0,11.0,2.0,18.0,13.0,10.0,16.0,19.0,8.0,1.0,7.0,7.0,6.0,7.0,8.0,183.0,253.0,0.0
euro_2018,26,Italy,308.0,6.0,0.0,12.0,14.0,24.0,0.0,10.0,5.0,0.0,10.0,10.0,7.0,7.0,14.0,5.0,9.0,0.0,0.0,10.0,10.0,0.0,6.0,5.0,6.0,22.0,0.0,15.0,7.0,4.0,8.0,6.0,0.0,7.0,5.0,6.0,8.0,5.0,0.0,3.0,0.0,10.0,12.0,6.0,12.0,0.0,2.0,59.0,249.0,0.0
euro_2019,1,Malta,107.0,0.0,0.0,3.0,0.0,0.0,0.0,0.0,4.0,0.0,1.0,1.0,0.0,6.0,0.0,14.0,5.0,0.0,0.0,0.0,0.0,0.0,0.0,0.0,1.0,0.0,0.0,3.0,0.0,12.0,0.0,0.0,0.0,8.0,4.0,0.0,1.0,0.0,2.0,10.0,8.0,0.0,0.0,0.0,6.0,4.0,3.0,87.0,20.0,11.0
euro_2019,2,Albania,90.0,2.0,0.0,0.0,0.0,0.0,0.0,1.0,0.0,0.0,0.0,0.0,0.0,3.0,0.0,7.0,8.0,0.0,0.0,0.0,0.0,0.0,0.0,0.0,0.0,2.0,0.0,2.0,0.0,0.0,10.0,0.0,0.0,0.0,0.0,0.0,0.0,0.0,0.0,0.0,13.0,0.0,7.0,0.0,15.0,0.0,0.0,43.0,47.0,20.0
euro_2019,3,Czech Republic,157.0,8.0,0.0,0.0,4.0,0.0,0.0,7.0,1.0,0.0,4.0,12.0,8.0,0.0,10.0,0.0,0.0,8.0,0.0,3.0,6.0,0.0,0.0,0.0,3.0,0.0,12.0,0.0,7.0,0.0,0.0,5.0,1.0,4.0,1.0,0.0,10.0,12.0,1.0,3.0,4.0,3.0,0.0,12.0,1.0,7.0,0.0,150.0,7.0,0.0
euro_2019,4,Germany,24.0,0.0,2.0,0.0,0.0,0.0,0.0,0.0,0.0,0.0,0.0,0.0,0.0,0.0,0.0,0.0,0.0,0.0,8.0,0.0,0.0,0.0,0.0,0.0,0.0,0.0,0.0,0.0,5.0,0.0,6.0,0.0,0.0,0.0,0.0,0.0,0.0,0.0,0.0,0.0,0.0,0.0,0.0,0.0,0.0,3.0,0.0,24.0,0.0,0.0
euro_2019,5,Russia,370.0,13.0,8.0,8.0,8.0,13.0,0.0,2.0,3.0,0.0,4.0,0.0,18.0,0.0,10.0,24.0,18.0,0.0,3.0,3.0,4.0,0.0,0.0,0.0,16.0,14.0,1.0,20.0,13.0,13.0,3.0,1.0,4.0,5.0,12.0,0.0,17.0,8.0,3.0,17.0,8.0,5.0,22.0,7.0,20.0,4.0,12.0,126.0,244.0,6.0
euro_2019,6,Denmark,120.0,0.0,0.0,5.0,2.0,0.0,0.0,0.0,5.0,0.0,0.0,7.0,8.0,0.0,1.0,0.0,0.0,4.0,0.0,5.0,0.0,0.0,0.0,0.0,7.0,0.0,9.0,0.0,0.0,0.0,1.0,1.0,9.0,12.0,1.0,0.0,4.0,7.0,7.0,0.0,16.0,0.0,0.0,6.0,3.0,0.0,0.0,69.0,51.0,0.0
euro_2019,7,San Marino,77.0,0.0,0.0,0.0,1.0,10.0,0.0,2.0,0.0,0.0,0.0,0.0,0.0,5.0,0.0,10.0,6.0,1.0,0.0,0.0,0.0,0.0,0.0,0.0,0.0,1.0,0.0,0.0,0.0,1.0,0.0,0.0,0.0,0.0,0.0,0.0,8.0,10.0,0.0,0.0,0.0,0.0,0.0,6.0,8.0,0.0,0.0,12.0,65.0,8.0
euro_2019,8,North Macedonia,305.0,7.0,5.0,7.0,24.0,18.0,0.0,17.0,8.0,0.0,7.0,14.0,0.0,4.0,5.0,11.0,1.0,8.0,10.0,7.0,0.0,0.0,0.0,0.0,8.0,8.0,10.0,0.0,0.0,10.0,14.0,0.0,12.0,4.0,0.0,0.0,12.0,2.0,2.0,10.0,10.0,12.0,1.0,10.0,13.0,7.0,7.0,247.0,58.0,0.0
euro_2019,9,Sweden,334.0,1.0,14.0,3.0,8.0,6.0,0.0,5.0,0.0,0.0,19.0,7.0,15.0,0.0,2.0,0.0,0.0,20.0,22.0,10.0,18.0,0.0,0.0,0.0,10.0,11.0,20.0,7.0,11.0,2.0,12.0,2.0,15.0,20.0,6.0,0.0,2.0,8.0,0.0,14.0,2.0,6.0,0.0,4.0,0.0,20.0,12.0,241.0,93.0,0.0
euro_2019,10,Slovenia,105.0,0.0,0.0,3.0,10.0,0.0,0.0,10.0,14.0,0.0,7.0,0.0,7.0,6.0,3.0,4.0,4.0,0.0,0.0,0.0,1.0,0.0,0.0,0.0,2.0,0.0,0.0,0.0,4.0,5.0,0.0,0.0,0.0,0.0,0.0,0.0,0.0,4.0,0.0,0.0,0.0,2.0,0.0,3.0,4.0,0.0,10.0,46.0,59.0,2.0
euro_2019,11,Cyprus,109.0,0.0,0.0,0.0,0.0,7.0,0.0,0.0,0.0,0.0,0.0,0.0,0.0,8.0,0.0,3.0,24.0,0.0,0.0,0.0,5.0,0.0,0.0,0.0,0.0,6.0,1.0,0.0,0.0,8.0,0.0,2.0,1.0,1.0,0.0,0.0,0.0,18.0,7.0,0.0,0.0,0.0,12.0,0.0,5.0,0.0,0.0,77.0,32.0,1.0
euro_2019,12,Netherlands,498.0,17.0,16.0,15.0,3.0,7.0,0.0,10.0,10.0,0.0,13.0,11.0,15.0,5.0,20.0,7.0,6.0,12.0,14.0,17.0,16.0,0.0,0.0,0.0,17.0,17.0,15.0,11.0,19.0,16.0,16.0,18.0,10.0,0.0,14.0,0.0,9.0,13.0,18.0,16.0,5.0,15.0,9.0,9.0,1.0,12.0,10.0,237.0,261.0,14.0
euro_2019,13,Greece,74.0,0.0,0.0,0.0,0.0,6.0,0.0,0.0,0.0,0.0,0.0,0.0,0.0,10.0,0.0,6.0,0.0,0.0,0.0,0.0,0.0,0.0,0.0,0.0,0.0,4.0,0.0,24.0,0.0,3.0,0.0,3.0,0.0,0.0,0.0,0.0,0.0,0.0,0.0,0.0,0.0,0.0,18.0,0.0,0.0,0.0,0.0,50.0,24.0,0.0
euro_2019,14,Israel,35.0,3.0,0.0,0.0,0.0,0.0,0.0,0.0,0.0,0.0,0.0,0.0,0.0,0.0,0.0,0.0,0.0,0.0,0.0,12.0,0.0,0.0,0.0,0.0,0.0,0.0,0.0,5.0,0.0,0.0,0.0,0.0,0.0,0.0,0.0,0.0,7.0,4.0,0.0,0.0,0.0,0.0,1.0,0.0,0.0,0.0,3.0,0.0,35.0,0.0
euro_2019,15,Norway,331.0,4.0,18.0,17.0,4.0,5.0,0.0,5.0,9.0,0.0,10.0,6.0,10.0,10.0,10.0,1.0,0.0,12.0,17.0,8.0,7.0,0.0,0.0,0.0,8.0,7.0,0.0,1.0,8.0,8.0,15.0,7.0,12.0,12.0,10.0,0.0,10.0,0.0,16.0,5.0,10.0,9.0,3.0,10.0,0.0,12.0,10.0,40.0,291.0,5.0
euro_2019,16,United Kingdom,11.0,0.0,3.0,0.0,0.0,0.0,0.0,0.0,0.0,0.0,0.0,0.0,0.0,0.0,0.0,0.0,0.0,0.0,0.0,0.0,0.0,0.0,0.0,0.0,0.0,0.0,2.0,0.0,0.0,0.0,1.0,0.0,0.0,0.0,0.0,0.0,0.0,1.0,0.0,2.0,0.0,0.0,0.0,2.0,0.0,0.0,0.0,8.0,3.0,0.0
euro_2019,17,Iceland,232.0,5.0,6.0,2.0,5.0,0.0,0.0,3.0,15.0,0.0,12.0,7.0,5.0,9.0,3.0,0.0,2.0,0.0,4.0,6.0,3.0,0.0,0.0,0.0,7.0,1.0,10.0,0.0,12.0,7.0,0.0,13.0,8.0,7.0,0.0,0.0,1.0,3.0,8.0,3.0,7.0,6.0,8.0,12.0,2.0,18.0,10.0,46.0,186.0,2.0
euro_2019,18,Estonia,76.0,0.0,1.0,0.0,6.0,0.0,0.0,1.0,0.0,0.0,8.0,1.0,0.0,0.0,0.0,0.0,0.0,3.0,10.0,0.0,0.0,0.0,0.0,0.0,15.0,0.0,2.0,0.0,4.0,0.0,0.0,0.0,0.0,0.0,8.0,0.0,0.0,0.0,10.0,0.0,5.0,0.0,0.0,0.0,0.0,0.0,2.0,28.0,48.0,0.0
euro_2019,19,Belarus,31.0,0.0,0.0,0.0,0.0,0.0,0.0,0.0,0.0,0.0,0.0,0.0,1.0,15.0,0.0,6.0,0.0,0.0,0.0,0.0,0.0,0.0,0.0,0.0,0.0,0.0,0.0,0.0,0.0,0.0,0.0,0.0,0.0,0.0,0.0,0.0,0.0,0.0,0.0,1.0,0.0,0.0,0.0,8.0,0.0,0.0,0.0,18.0,13.0,0.0
euro_2019,20,Azerbaijan,302.0,16.0,7.0,0.0,3.0,11.0,0.0,0.0,4.0,0.0,2.0,10.0,6.0,24.0,8.0,0.0,8.0,4.0,9.0,6.0,8.0,0.0,0.0,0.0,10.0,10.0,8.0,6.0,15.0,11.0,0.0,0.0,10.0,4.0,10.0,0.0,16.0,17.0,8.0,0.0,8.0,5.0,8.0,7.0,3.0,3.0,12.0,202.0,100.0,5.0
euro_2019,21,France,105.0,1.0,0.0,4.0,1.0,3.0,0.0,3.0,6.0,0.0,0.0,3.0,3.0,0.0,2.0,0.0,1.0,1.0,0.0,0.0,4.0,0.0,0.0,0.0,0.0,0.0,0.0,7.0,0.0,0.0,5.0,18.0,2.0,0.0,6.0,0.0,0.0,5.0,0.0,4.0,5.0,5.0,0.0,1.0,0.0,13.0,2.0,67.0,38.0,0.0
euro_2019,22,Italy,472.0,8.0,5.0,18.0,17.0,13.0,0.0,24.0,7.0,0.0,8.0,16.0,0.0,1.0,13.0,11.0,17.0,9.0,4.0,18.0,16.0,0.0,0.0,0.0,5.0,24.0,10.0,16.0,13.0,10.0,17.0,20.0,0.0,16.0,18.0,0.0,5.0,1.0,12.0,15.0,0.0,17.0,20.0,11.0,7.0,5.0,10.0,219.0,253.0,15.0
euro_2019,23,Serbia,89.0,3.0,0.0,0.0,0.0,0.0,0.0,12.0,7.0,0.0,0.0,10.0,4.0,3.0,0.0,0.0,0.0,2.0,0.0,0.0,0.0,0.0,0.0,0.0,0.0,0.0,0.0,0.0,0.0,0.0,7.0,0.0,0.0,0.0,0.0,0.0,0.0,0.0,0.0,0.0,0.0,6.0,0.0,0.0,24.0,1.0,0.0,35.0,54.0,10.0
euro_2019,24,Switzerland,364.0,14.0,17.0,16.0,11.0,14.0,0.0,14.0,5.0,0.0,5.0,9.0,14.0,2.0,6.0,8.0,7.0,12.0,12.0,4.0,13.0,0.0,0.0,0.0,1.0,8.0,12.0,8.0,2.0,8.0,0.0,12.0,12.0,16.0,10.0,0.0,4.0,3.0,11.0,15.0,3.0,22.0,7.0,8.0,0.0,7.0,5.0,152.0,212.0,7.0
euro_2019,25,Australia,284.0,14.0,14.0,15.0,7.0,3.0,0.0,0.0,18.0,0.0,16.0,2.0,2.0,4.0,11.0,2.0,5.0,20.0,2.0,10.0,15.0,0.0,0.0,0.0,6.0,3.0,4.0,2.0,3.0,2.0,4.0,8.0,18.0,4.0,11.0,0.0,10.0,0.0,11.0,1.0,12.0,3.0,0.0,0.0,4.0,0.0,8.0,153.0,131.0,10.0
euro_2019,26,Spain,54.0,0.0,0.0,0.0,2.0,0.0,0.0,0.0,0.0,0.0,0.0,0.0,0.0,1.0,12.0,2.0,4.0,0.0,1.0,7.0,0.0,0.0,0.0,0.0,0.0,0.0,0.0,4.0,0.0,0.0,5.0,6.0,2.0,3.0,5.0,0.0,0.0,0.0,0.0,0.0,0.0,0.0,0.0,0.0,0.0,0.0,0.0,1.0,53.0,0.0
